entry_id,product_id,change_quantity,change_type,entry_date
1,62,-20,Sale,2024-08-08
2,122,92,Restock,2024-11-30
3,123,-38,Sale,2025-02-23
4,42,-6,Sale,2024-09-04
5,180,69,Restock,2025-05-17
6,164,-35,Sale,2024-06-28
7,73,66,Restock,2024-07-07
8,76,26,Restock,2025-01-07
9,152,-25,Sale,2024-06-26
10,121,74,Restock,2024-07-15
11,148,8,Restock,2024-10-30
12,69,-4,Sale,2025-03-15
13,16,-27,Sale,2024-07-16
14,70,-46,Sale,2024-12-09
15,102,3,Restock,2024-05-31
16,70,49,Restock,2025-04-14
17,157,67,Restock,2024-06-12
18,29,-37,Sale,2025-04-29
19,14,100,Restock,2024-07-24
20,157,83,Restock,2025-03-31
21,11,-43,Sale,2024-07-03
22,152,66,Restock,2024-11-14
23,65,61,Restock,2025-03-27
24,71,-28,Sale,2024-09-07
25,97,97,Restock,2024-08-10
26,195,-45,Sale,2024-07-24
27,158,-2,Sale,2024-06-07
28,5,19,Restock,2024-11-24
29,157,-26,Sale,2025-04-05
30,43,29,Restock,2025-03-10
31,153,25,Restock,2024-12-08
32,51,51,Restock,2024-08-30
33,169,-6,Sale,2025-03-19
34,170,58,Restock,2024-12-07
35,198,37,Restock,2025-03-21
36,41,24,Restock,2025-02-28
37,106,33,Restock,2024-06-06
38,120,-32,Sale,2024-06-03
39,24,27,Restock,2025-02-21
40,111,70,Restock,2024-11-02
41,16,-49,Sale,2024-12-22
42,142,41,Restock,2024-06-12
43,175,-34,Sale,2024-10-16
44,26,-7,Sale,2024-12-30
45,105,-49,Sale,2025-04-15
46,76,80,Restock,2024-09-15
47,125,61,Restock,2024-07-05
48,169,-18,Sale,2024-08-05
49,174,4,Restock,2024-05-24
50,132,-47,Sale,2024-09-22
51,130,3,Restock,2025-04-15
52,15,93,Restock,2024-11-03
53,124,63,Restock,2025-03-16
54,152,47,Restock,2025-01-08
55,39,57,Restock,2025-05-04
56,8,70,Restock,2024-06-02
57,141,68,Restock,2025-02-19
58,126,85,Restock,2024-11-05
59,56,70,Restock,2024-10-02
60,187,92,Restock,2024-10-09
61,127,29,Restock,2025-04-18
62,193,-27,Sale,2024-05-26
63,148,65,Restock,2024-06-01
64,120,68,Restock,2025-02-21
65,120,62,Restock,2024-12-28
66,187,87,Restock,2025-01-19
67,84,87,Restock,2024-08-07
68,139,88,Restock,2024-12-04
69,91,89,Restock,2024-10-08
70,175,99,Restock,2024-12-28
71,69,5,Restock,2025-01-28
72,19,79,Restock,2025-04-15
73,129,-42,Sale,2024-11-02
74,200,36,Restock,2024-10-24
75,32,-4,Sale,2025-02-10
76,196,33,Restock,2025-04-05
77,165,35,Restock,2024-10-26
78,169,79,Restock,2024-06-19
79,23,39,Restock,2024-06-02
80,140,-16,Sale,2024-09-07
81,182,24,Restock,2024-12-29
82,41,47,Restock,2025-01-30
83,60,87,Restock,2024-06-09
84,146,68,Restock,2024-10-16
85,185,41,Restock,2025-05-01
86,200,-1,Sale,2024-09-13
87,109,70,Restock,2025-01-31
88,76,-2,Sale,2024-12-29
89,157,29,Restock,2024-12-13
90,72,74,Restock,2025-05-19
91,125,90,Restock,2025-01-30
92,2,91,Restock,2025-02-21
93,11,59,Restock,2024-05-31
94,112,5,Restock,2025-03-16
95,185,27,Restock,2024-05-20
96,179,58,Restock,2024-07-14
97,131,-31,Sale,2024-12-23
98,71,35,Restock,2025-05-15
99,7,-3,Sale,2024-09-20
100,19,27,Restock,2024-06-11
101,194,87,Restock,2024-07-06
102,178,1,Restock,2025-01-28
103,121,30,Restock,2024-09-19
104,64,-31,Sale,2024-12-14
105,143,65,Restock,2024-10-05
106,86,72,Restock,2025-05-08
107,83,39,Restock,2025-05-07
108,68,99,Restock,2025-03-08
109,53,-3,Sale,2025-02-23
110,18,74,Restock,2025-03-17
111,105,-15,Sale,2024-11-02
112,167,61,Restock,2024-10-06
113,197,34,Restock,2025-04-04
114,122,20,Restock,2025-03-14
115,113,72,Restock,2025-03-03
116,33,-26,Sale,2025-02-05
117,87,49,Restock,2024-09-25
118,128,98,Restock,2024-09-25
119,158,34,Restock,2025-04-04
120,91,-27,Sale,2024-08-01
121,111,83,Restock,2024-10-28
122,184,29,Restock,2024-09-16
123,14,23,Restock,2025-03-27
124,33,2,Restock,2024-08-16
125,103,-10,Sale,2024-05-22
126,33,18,Restock,2024-11-13
127,65,8,Restock,2025-05-14
128,5,-46,Sale,2024-11-28
129,43,-18,Sale,2024-08-17
130,36,-12,Sale,2024-09-14
131,54,16,Restock,2024-11-13
132,40,57,Restock,2024-07-19
133,12,30,Restock,2024-11-12
134,165,-6,Sale,2025-04-24
135,149,-22,Sale,2024-09-29
136,194,-2,Sale,2024-10-28
137,87,28,Restock,2024-07-28
138,130,70,Restock,2025-01-03
139,47,-38,Sale,2025-04-28
140,43,9,Restock,2025-04-23
141,186,98,Restock,2024-09-21
142,154,50,Restock,2025-02-20
143,192,3,Restock,2024-07-11
144,1,-1,Sale,2024-07-25
145,117,79,Restock,2025-02-09
146,11,90,Restock,2024-07-26
147,107,22,Restock,2024-12-29
148,124,78,Restock,2025-04-07
149,80,-44,Sale,2024-10-21
150,92,94,Restock,2025-02-14
151,120,-35,Sale,2024-07-14
152,134,42,Restock,2024-11-19
153,96,37,Restock,2024-10-03
154,123,56,Restock,2024-06-02
155,188,-9,Sale,2024-08-16
156,92,39,Restock,2024-12-18
157,159,-44,Sale,2024-06-15
158,49,45,Restock,2024-09-30
159,47,98,Restock,2024-09-02
160,148,42,Restock,2024-11-12
161,125,-3,Sale,2024-09-23
162,79,4,Restock,2024-12-27
163,187,-9,Sale,2024-07-19
164,181,11,Restock,2024-06-13
165,9,95,Restock,2025-03-01
166,126,69,Restock,2024-07-22
167,74,-39,Sale,2024-10-09
168,97,11,Restock,2024-11-11
169,114,0,Restock,2024-07-27
170,197,21,Restock,2025-01-21
171,137,100,Restock,2024-11-01
172,170,-24,Sale,2024-09-12
173,157,-25,Sale,2024-07-09
174,9,24,Restock,2025-04-09
175,107,-11,Sale,2024-10-21
176,15,16,Restock,2024-11-16
177,110,19,Restock,2025-01-07
178,167,-24,Sale,2024-09-14
179,6,20,Restock,2024-09-22
180,17,81,Restock,2025-02-25
181,110,87,Restock,2025-03-19
182,87,-39,Sale,2025-02-27
183,28,95,Restock,2024-10-07
184,120,86,Restock,2025-03-20
185,117,7,Restock,2025-05-12
186,190,47,Restock,2024-12-09
187,84,3,Restock,2024-12-28
188,163,-29,Sale,2024-11-28
189,78,-46,Sale,2024-12-19
190,113,18,Restock,2024-07-18
191,153,-17,Sale,2024-07-11
192,187,15,Restock,2025-01-19
193,140,96,Restock,2025-05-16
194,115,36,Restock,2024-10-23
195,162,-46,Sale,2025-03-28
196,91,56,Restock,2024-08-27
197,195,95,Restock,2024-06-08
198,41,41,Restock,2024-10-14
199,141,-44,Sale,2024-12-16
200,133,-29,Sale,2024-07-01
201,162,-34,Sale,2024-11-11
202,157,0,Restock,2024-11-05
203,37,9,Restock,2024-06-30
204,90,77,Restock,2024-06-12
205,109,54,Restock,2024-08-31
206,108,-7,Sale,2024-12-27
207,102,21,Restock,2024-09-25
208,116,53,Restock,2025-02-18
209,81,82,Restock,2024-08-11
210,40,-4,Sale,2024-10-04
211,156,16,Restock,2025-02-01
212,157,64,Restock,2024-06-03
213,68,-18,Sale,2025-04-09
214,156,23,Restock,2024-06-06
215,113,-12,Sale,2024-09-25
216,122,35,Restock,2024-11-23
217,52,47,Restock,2025-01-19
218,165,70,Restock,2025-05-04
219,175,63,Restock,2024-08-30
220,90,-50,Sale,2025-02-28
221,58,-34,Sale,2024-11-16
222,176,-4,Sale,2025-01-27
223,175,-34,Sale,2025-01-10
224,20,-16,Sale,2024-08-08
225,73,81,Restock,2024-12-29
226,167,89,Restock,2024-05-20
227,104,84,Restock,2024-12-12
228,22,58,Restock,2025-05-03
229,121,79,Restock,2024-06-27
230,121,6,Restock,2024-11-04
231,176,-35,Sale,2024-11-11
232,39,-37,Sale,2024-07-20
233,123,-2,Sale,2025-05-14
234,51,-38,Sale,2024-05-30
235,82,81,Restock,2024-12-04
236,153,-10,Sale,2024-05-22
237,158,-40,Sale,2025-04-21
238,199,-21,Sale,2024-11-22
239,32,48,Restock,2025-02-08
240,21,20,Restock,2024-08-26
241,95,51,Restock,2024-12-17
242,104,-7,Sale,2024-06-02
243,55,87,Restock,2024-12-09
244,12,5,Restock,2024-06-21
245,72,91,Restock,2024-10-25
246,1,15,Restock,2025-04-14
247,193,52,Restock,2025-01-05
248,184,79,Restock,2024-08-29
249,44,-1,Sale,2024-09-27
250,130,35,Restock,2024-09-19
251,97,-38,Sale,2024-10-30
252,37,14,Restock,2025-04-14
253,23,93,Restock,2024-07-04
254,62,-35,Sale,2024-12-20
255,89,-26,Sale,2024-12-20
256,92,16,Restock,2025-05-07
257,165,71,Restock,2025-01-23
258,105,93,Restock,2025-03-07
259,196,46,Restock,2025-01-21
260,64,-38,Sale,2025-02-18
261,131,70,Restock,2024-10-06
262,85,43,Restock,2024-08-30
263,141,6,Restock,2025-03-06
264,197,96,Restock,2024-10-19
265,174,-13,Sale,2024-10-07
266,190,79,Restock,2024-09-19
267,60,-21,Sale,2024-11-07
268,80,64,Restock,2024-05-27
269,28,53,Restock,2025-01-07
270,177,-20,Sale,2024-06-16
271,180,16,Restock,2024-08-08
272,93,17,Restock,2025-03-18
273,4,-30,Sale,2025-03-07
274,190,-39,Sale,2025-01-05
275,81,-28,Sale,2025-03-04
276,139,-5,Sale,2025-03-01
277,37,64,Restock,2024-09-08
278,57,-16,Sale,2025-01-26
279,184,-20,Sale,2024-08-27
280,129,63,Restock,2025-03-18
281,86,-41,Sale,2025-03-29
282,70,-19,Sale,2025-04-12
283,149,-2,Sale,2024-08-24
284,146,24,Restock,2024-11-24
285,175,60,Restock,2025-04-23
286,16,-37,Sale,2024-08-26
287,2,75,Restock,2025-05-19
288,179,35,Restock,2024-11-28
289,162,-19,Sale,2024-08-29
290,28,12,Restock,2024-12-05
291,145,84,Restock,2025-05-06
292,171,12,Restock,2024-09-04
293,77,-22,Sale,2025-03-27
294,160,75,Restock,2024-11-16
295,7,80,Restock,2025-02-18
296,149,-50,Sale,2025-03-01
297,104,-5,Sale,2024-08-12
298,3,100,Restock,2025-02-16
299,113,63,Restock,2025-03-31
300,95,-39,Sale,2024-08-10
301,95,-42,Sale,2025-04-09
302,10,95,Restock,2024-12-05
303,82,-49,Sale,2025-05-14
304,169,97,Restock,2024-12-23
305,155,93,Restock,2024-09-26
306,167,38,Restock,2025-04-24
307,30,85,Restock,2025-02-05
308,33,77,Restock,2025-01-04
309,17,14,Restock,2025-05-17
310,2,-6,Sale,2024-12-25
311,93,-13,Sale,2025-05-04
312,196,-6,Sale,2025-04-24
313,138,32,Restock,2025-04-25
314,41,62,Restock,2024-10-31
315,70,17,Restock,2025-03-18
316,139,-31,Sale,2024-07-12
317,37,16,Restock,2024-10-01
318,183,19,Restock,2024-11-06
319,26,9,Restock,2025-04-04
320,155,-23,Sale,2024-07-31
321,84,57,Restock,2024-09-15
322,15,15,Restock,2025-02-14
323,51,-8,Sale,2024-08-04
324,44,95,Restock,2024-09-27
325,27,84,Restock,2024-11-26
326,152,22,Restock,2024-08-09
327,82,5,Restock,2025-03-20
328,155,8,Restock,2025-05-20
329,109,44,Restock,2024-10-05
330,149,54,Restock,2024-06-17
331,12,-43,Sale,2025-05-19
332,146,77,Restock,2024-06-09
333,27,77,Restock,2024-08-05
334,168,29,Restock,2024-05-22
335,152,98,Restock,2024-07-04
336,141,-20,Sale,2024-12-03
337,128,85,Restock,2024-08-21
338,9,64,Restock,2024-11-22
339,164,-24,Sale,2025-02-04
340,78,13,Restock,2025-01-03
341,75,44,Restock,2024-10-18
342,158,56,Restock,2024-06-04
343,120,-23,Sale,2025-05-11
344,17,-18,Sale,2025-03-05
345,105,31,Restock,2024-11-01
346,25,14,Restock,2025-01-13
347,1,10,Restock,2024-10-29
348,78,84,Restock,2024-12-16
349,30,27,Restock,2024-10-12
350,100,33,Restock,2025-04-12
351,83,39,Restock,2024-07-28
352,31,28,Restock,2024-06-19
353,100,-22,Sale,2025-05-15
354,51,-32,Sale,2025-02-03
355,25,-47,Sale,2024-09-09
356,175,51,Restock,2025-05-12
357,72,-8,Sale,2024-10-04
358,30,51,Restock,2024-05-24
359,59,35,Restock,2025-03-26
360,117,0,Restock,2024-07-31
361,66,94,Restock,2024-12-27
362,93,25,Restock,2025-03-11
363,24,63,Restock,2025-04-24
364,130,97,Restock,2025-03-05
365,24,88,Restock,2024-06-25
366,78,94,Restock,2024-12-11
367,15,23,Restock,2025-03-10
368,45,24,Restock,2024-11-20
369,82,-38,Sale,2024-09-02
370,161,29,Restock,2024-08-31
371,94,-48,Sale,2024-06-19
372,17,24,Restock,2024-12-09
373,110,15,Restock,2024-10-11
374,17,-25,Sale,2025-02-15
375,178,22,Restock,2025-01-17
376,172,-21,Sale,2024-10-29
377,48,-13,Sale,2024-07-26
378,130,6,Restock,2024-09-11
379,152,50,Restock,2024-10-28
380,62,81,Restock,2024-11-02
381,119,24,Restock,2025-01-14
382,62,-14,Sale,2024-11-08
383,176,42,Restock,2024-06-14
384,34,72,Restock,2024-11-28
385,67,46,Restock,2025-02-16
386,9,-38,Sale,2024-10-26
387,8,58,Restock,2024-08-20
388,141,-19,Sale,2024-07-02
389,181,4,Restock,2025-04-17
390,144,33,Restock,2025-03-09
391,49,21,Restock,2024-07-12
392,54,-1,Sale,2024-11-17
393,179,36,Restock,2024-10-29
394,42,100,Restock,2024-08-15
395,137,100,Restock,2024-08-15
396,144,70,Restock,2025-01-22
397,192,-17,Sale,2024-06-19
398,182,-29,Sale,2024-05-24
399,107,-2,Sale,2024-09-14
400,166,68,Restock,2025-04-12
401,3,59,Restock,2024-08-21
402,166,-9,Sale,2024-09-08
403,89,89,Restock,2025-04-27
404,86,-1,Sale,2024-11-24
405,141,-17,Sale,2024-10-14
406,112,-15,Sale,2024-09-12
407,40,-8,Sale,2024-09-01
408,185,83,Restock,2025-04-10
409,195,18,Restock,2024-10-27
410,64,-34,Sale,2024-05-25
411,95,90,Restock,2024-11-04
412,25,-26,Sale,2024-08-14
413,24,35,Restock,2024-10-11
414,82,-23,Sale,2024-06-26
415,57,-14,Sale,2024-08-14
416,139,38,Restock,2025-03-05
417,119,30,Restock,2024-08-05
418,60,16,Restock,2024-11-19
419,184,-46,Sale,2025-01-20
420,122,82,Restock,2024-08-15
421,83,27,Restock,2024-11-28
422,176,-4,Sale,2024-09-09
423,129,33,Restock,2025-02-08
424,132,45,Restock,2025-03-21
425,182,-11,Sale,2025-01-25
426,1,50,Restock,2025-03-24
427,55,35,Restock,2024-11-28
428,132,-20,Sale,2024-09-11
429,46,95,Restock,2024-09-19
430,78,45,Restock,2025-05-13
431,11,85,Restock,2024-07-06
432,184,50,Restock,2024-12-23
433,11,-21,Sale,2024-06-29
434,67,-39,Sale,2024-12-18
435,136,22,Restock,2025-04-02
436,36,16,Restock,2025-01-17
437,134,71,Restock,2024-07-06
438,93,82,Restock,2024-11-19
439,107,80,Restock,2025-05-07
440,26,-10,Sale,2025-03-18
441,102,37,Restock,2024-09-17
442,12,-13,Sale,2024-12-14
443,14,100,Restock,2024-07-15
444,108,85,Restock,2025-02-23
445,58,-34,Sale,2024-11-12
446,56,55,Restock,2025-03-08
447,87,0,Restock,2024-12-15
448,171,78,Restock,2024-08-28
449,100,16,Restock,2024-12-25
450,12,27,Restock,2024-12-05
451,120,93,Restock,2024-10-31
452,99,-50,Sale,2024-12-31
453,24,63,Restock,2024-12-29
454,139,91,Restock,2024-12-28
455,182,60,Restock,2024-09-16
456,29,65,Restock,2025-04-20
457,31,98,Restock,2025-04-18
458,89,-26,Sale,2024-06-26
459,50,67,Restock,2025-05-08
460,153,19,Restock,2024-07-06
461,188,96,Restock,2025-01-04
462,191,50,Restock,2025-03-14
463,98,-10,Sale,2024-06-23
464,22,78,Restock,2025-04-09
465,26,85,Restock,2024-11-05
466,170,73,Restock,2024-11-20
467,176,18,Restock,2025-05-16
468,5,86,Restock,2025-05-20
469,193,28,Restock,2025-01-03
470,50,-17,Sale,2024-07-30
471,103,-36,Sale,2025-05-06
472,170,-26,Sale,2024-12-22
473,184,-25,Sale,2024-06-02
474,97,25,Restock,2025-04-12
475,171,67,Restock,2025-05-04
476,196,16,Restock,2024-12-13
477,130,-22,Sale,2024-09-28
478,14,100,Restock,2025-02-09
479,110,100,Restock,2024-09-24
480,104,71,Restock,2025-01-26
481,175,-24,Sale,2025-02-08
482,187,-29,Sale,2024-12-18
483,136,71,Restock,2025-03-20
484,42,95,Restock,2024-06-02
485,100,41,Restock,2025-01-11
486,19,-50,Sale,2024-08-05
487,144,7,Restock,2025-04-25
488,125,-35,Sale,2025-02-17
489,147,-34,Sale,2024-10-11
490,166,1,Restock,2024-08-25
491,90,-34,Sale,2024-11-13
492,154,-3,Sale,2024-10-18
493,191,76,Restock,2024-06-21
494,6,42,Restock,2024-10-14
495,45,-10,Sale,2025-01-15
496,117,88,Restock,2024-08-03
497,173,39,Restock,2025-04-06
498,95,47,Restock,2024-10-02
499,185,-39,Sale,2025-01-21
500,8,61,Restock,2025-01-17
501,183,59,Restock,2025-05-10
502,12,-19,Sale,2024-06-13
503,29,78,Restock,2024-12-13
504,160,13,Restock,2025-03-19
505,144,13,Restock,2024-09-22
506,195,-39,Sale,2024-12-04
507,146,0,Restock,2024-09-12
508,38,75,Restock,2024-09-25
509,141,94,Restock,2024-11-03
510,113,-39,Sale,2024-06-05
511,52,35,Restock,2025-03-04
512,59,46,Restock,2025-03-21
513,26,-25,Sale,2025-04-02
514,117,-50,Sale,2024-08-19
515,39,78,Restock,2025-04-10
516,93,68,Restock,2024-09-05
517,188,-13,Sale,2025-04-19
518,24,-3,Sale,2024-09-02
519,98,10,Restock,2024-06-13
520,176,32,Restock,2024-12-05
521,81,-28,Sale,2024-09-12
522,200,27,Restock,2024-09-19
523,167,-29,Sale,2024-09-28
524,177,85,Restock,2024-12-02
525,116,53,Restock,2025-03-09
526,2,53,Restock,2024-12-04
527,71,-9,Sale,2024-09-26
528,21,35,Restock,2025-02-12
529,16,-28,Sale,2025-02-04
530,37,23,Restock,2025-04-23
531,9,66,Restock,2024-10-16
532,198,-12,Sale,2025-01-25
533,110,-32,Sale,2024-10-05
534,195,64,Restock,2024-10-18
535,148,32,Restock,2024-07-09
536,154,-4,Sale,2024-08-30
537,8,-40,Sale,2025-01-24
538,13,12,Restock,2025-04-30
539,178,27,Restock,2024-06-03
540,6,-37,Sale,2025-04-02
541,21,59,Restock,2024-09-07
542,180,-43,Sale,2025-05-01
543,126,46,Restock,2025-02-19
544,21,25,Restock,2025-03-21
545,139,30,Restock,2025-03-14
546,77,-5,Sale,2025-03-15
547,184,37,Restock,2025-03-07
548,63,-45,Sale,2024-11-02
549,186,73,Restock,2024-06-17
550,24,76,Restock,2024-05-23
551,174,2,Restock,2025-03-07
552,134,76,Restock,2024-06-13
553,176,41,Restock,2025-01-10
554,15,13,Restock,2025-02-20
555,20,-39,Sale,2025-04-11
556,110,49,Restock,2024-08-18
557,39,69,Restock,2024-09-28
558,149,7,Restock,2024-07-14
559,11,-2,Sale,2024-12-19
560,179,32,Restock,2024-05-24
561,133,85,Restock,2024-08-19
562,12,-41,Sale,2024-11-20
563,90,52,Restock,2025-01-05
564,52,77,Restock,2025-03-04
565,167,26,Restock,2025-01-03
566,181,54,Restock,2024-10-30
567,15,-17,Sale,2024-12-04
568,88,96,Restock,2025-05-03
569,41,-1,Sale,2025-04-09
570,64,51,Restock,2024-09-30
571,188,60,Restock,2024-07-12
572,69,38,Restock,2024-06-21
573,43,93,Restock,2024-08-27
574,62,-22,Sale,2024-10-27
575,25,31,Restock,2024-10-26
576,121,8,Restock,2024-08-29
577,50,64,Restock,2025-04-21
578,147,77,Restock,2025-02-04
579,66,44,Restock,2025-01-08
580,103,-11,Sale,2024-11-26
581,8,33,Restock,2025-01-24
582,32,77,Restock,2024-06-29
583,3,-29,Sale,2025-03-31
584,63,89,Restock,2024-07-26
585,31,-20,Sale,2025-03-13
586,194,-45,Sale,2024-08-31
587,102,58,Restock,2024-05-20
588,80,-6,Sale,2025-02-03
589,7,67,Restock,2024-11-19
590,11,77,Restock,2024-09-26
591,94,87,Restock,2024-07-24
592,61,2,Restock,2025-05-18
593,141,84,Restock,2024-07-29
594,65,-13,Sale,2024-12-29
595,118,-41,Sale,2024-07-30
596,139,-1,Sale,2024-12-02
597,58,25,Restock,2025-04-27
598,66,-15,Sale,2024-07-31
599,1,3,Restock,2025-04-20
600,52,81,Restock,2025-02-22
601,19,20,Restock,2024-06-22
602,153,58,Restock,2025-04-19
603,28,9,Restock,2024-06-30
604,42,28,Restock,2024-11-23
605,155,-20,Sale,2024-09-23
606,127,-13,Sale,2024-12-06
607,51,0,Restock,2024-09-19
608,178,38,Restock,2024-07-14
609,37,40,Restock,2025-02-23
610,20,-48,Sale,2024-12-22
611,177,69,Restock,2024-06-02
612,19,72,Restock,2024-11-11
613,35,72,Restock,2024-06-07
614,73,51,Restock,2024-07-21
615,169,50,Restock,2025-03-29
616,136,-31,Sale,2025-03-09
617,73,93,Restock,2024-07-28
618,152,41,Restock,2024-06-17
619,12,27,Restock,2024-10-24
620,175,24,Restock,2025-01-16
621,124,20,Restock,2024-10-19
622,131,8,Restock,2025-03-13
623,18,99,Restock,2024-06-27
624,52,95,Restock,2024-11-01
625,36,39,Restock,2025-05-07
626,49,-15,Sale,2024-12-01
627,18,29,Restock,2025-02-21
628,182,79,Restock,2024-12-27
629,85,59,Restock,2025-03-31
630,12,31,Restock,2024-08-29
631,42,25,Restock,2024-10-02
632,92,24,Restock,2024-06-02
633,132,64,Restock,2025-03-17
634,52,-41,Sale,2025-02-17
635,128,42,Restock,2025-01-09
636,74,-37,Sale,2024-05-21
637,149,72,Restock,2024-07-26
638,81,5,Restock,2025-01-25
639,118,25,Restock,2024-12-12
640,52,97,Restock,2025-02-01
641,144,9,Restock,2024-12-08
642,192,-16,Sale,2024-11-12
643,44,5,Restock,2024-11-24
644,16,100,Restock,2024-06-07
645,6,70,Restock,2024-06-09
646,150,74,Restock,2024-11-09
647,52,94,Restock,2025-04-10
648,135,29,Restock,2025-05-14
649,7,-10,Sale,2025-03-07
650,148,59,Restock,2025-05-13
651,181,-37,Sale,2024-07-13
652,29,90,Restock,2025-01-28
653,137,-27,Sale,2025-05-07
654,64,-6,Sale,2024-10-28
655,164,98,Restock,2025-03-13
656,102,-19,Sale,2025-05-18
657,85,-44,Sale,2024-11-07
658,74,51,Restock,2024-06-02
659,3,94,Restock,2024-11-05
660,141,29,Restock,2025-01-31
661,196,77,Restock,2024-09-04
662,200,39,Restock,2025-03-14
663,23,76,Restock,2024-12-03
664,81,37,Restock,2025-04-10
665,19,86,Restock,2025-01-12
666,109,42,Restock,2024-11-25
667,127,99,Restock,2024-08-21
668,165,-17,Sale,2024-10-27
669,116,-37,Sale,2025-02-02
670,59,18,Restock,2025-02-24
671,193,-20,Sale,2024-06-08
672,76,60,Restock,2024-06-24
673,198,94,Restock,2024-12-08
674,113,-36,Sale,2025-02-05
675,148,74,Restock,2025-02-03
676,22,23,Restock,2024-08-31
677,99,93,Restock,2024-11-15
678,141,64,Restock,2024-09-13
679,7,67,Restock,2025-03-13
680,31,37,Restock,2025-04-25
681,116,-7,Sale,2024-11-06
682,5,-32,Sale,2025-04-22
683,110,42,Restock,2024-10-11
684,172,-36,Sale,2024-12-12
685,71,30,Restock,2025-02-02
686,176,37,Restock,2024-08-21
687,134,33,Restock,2024-07-26
688,28,85,Restock,2024-07-24
689,112,61,Restock,2025-04-08
690,91,10,Restock,2025-02-25
691,32,65,Restock,2024-11-21
692,127,-44,Sale,2025-01-20
693,66,2,Restock,2025-03-30
694,138,38,Restock,2024-07-18
695,45,-47,Sale,2024-05-26
696,182,35,Restock,2025-04-20
697,126,-47,Sale,2025-01-11
698,178,-20,Sale,2024-09-10
699,76,64,Restock,2025-05-12
700,142,58,Restock,2025-01-24
701,5,42,Restock,2024-07-08
702,18,-38,Sale,2025-01-06
703,126,-5,Sale,2025-03-04
704,192,83,Restock,2024-09-28
705,165,14,Restock,2024-08-01
706,20,60,Restock,2024-08-23
707,118,-20,Sale,2024-10-11
708,149,81,Restock,2024-09-21
709,22,5,Restock,2025-04-13
710,128,82,Restock,2025-03-01
711,97,11,Restock,2024-08-23
712,64,-26,Sale,2024-07-10
713,75,-44,Sale,2024-12-19
714,199,-13,Sale,2025-01-04
715,118,10,Restock,2025-04-19
716,7,7,Restock,2024-09-06
717,135,82,Restock,2025-02-10
718,32,75,Restock,2024-10-31
719,19,57,Restock,2024-06-17
720,29,35,Restock,2025-02-13
721,178,100,Restock,2024-06-19
722,179,-4,Sale,2025-03-03
723,139,68,Restock,2024-07-25
724,8,-45,Sale,2024-10-23
725,15,21,Restock,2025-03-18
726,119,-4,Sale,2024-11-15
727,132,-50,Sale,2024-12-14
728,9,26,Restock,2025-01-21
729,42,16,Restock,2024-07-15
730,46,5,Restock,2025-05-12
731,40,48,Restock,2024-05-27
732,79,1,Restock,2024-07-25
733,172,77,Restock,2024-09-28
734,108,26,Restock,2025-01-05
735,110,44,Restock,2024-11-19
736,114,11,Restock,2024-08-31
737,110,41,Restock,2024-06-09
738,20,57,Restock,2024-06-29
739,102,32,Restock,2025-03-17
740,169,-17,Sale,2024-06-17
741,66,-19,Sale,2025-03-04
742,169,-8,Sale,2024-08-01
743,161,95,Restock,2025-02-15
744,167,37,Restock,2024-06-08
745,109,-32,Sale,2025-01-04
746,140,66,Restock,2024-07-08
747,105,62,Restock,2024-06-02
748,54,-8,Sale,2025-05-15
749,45,-10,Sale,2024-11-19
750,49,-25,Sale,2024-09-22
751,179,-16,Sale,2024-07-23
752,40,10,Restock,2024-07-31
753,65,58,Restock,2024-05-24
754,42,13,Restock,2024-09-08
755,40,62,Restock,2025-05-17
756,111,-1,Sale,2025-02-08
757,116,-44,Sale,2024-07-12
758,111,-8,Sale,2025-05-02
759,58,89,Restock,2024-09-19
760,97,44,Restock,2024-06-18
761,32,-13,Sale,2024-07-05
762,4,-28,Sale,2025-05-05
763,133,23,Restock,2025-01-02
764,115,33,Restock,2024-07-23
765,166,50,Restock,2025-03-23
766,94,-22,Sale,2024-11-13
767,126,52,Restock,2025-01-11
768,158,69,Restock,2024-07-18
769,188,77,Restock,2025-02-06
770,120,-30,Sale,2024-12-18
771,107,33,Restock,2025-01-05
772,126,53,Restock,2024-07-31
773,58,10,Restock,2024-09-14
774,80,65,Restock,2024-10-11
775,93,75,Restock,2025-05-16
776,132,10,Restock,2024-05-22
777,164,6,Restock,2024-12-10
778,41,25,Restock,2024-08-29
779,15,25,Restock,2025-04-03
780,122,-36,Sale,2024-08-29
781,62,-21,Sale,2025-05-18
782,172,67,Restock,2024-09-27
783,176,94,Restock,2024-12-12
784,7,67,Restock,2024-12-07
785,62,18,Restock,2024-09-27
786,185,-21,Sale,2024-08-26
787,191,-14,Sale,2025-04-14
788,25,58,Restock,2024-10-20
789,76,75,Restock,2025-03-08
790,185,-19,Sale,2024-07-20
791,135,65,Restock,2024-10-01
792,96,-43,Sale,2024-08-11
793,23,18,Restock,2025-05-17
794,98,5,Restock,2025-03-31
795,158,23,Restock,2024-09-24
796,4,23,Restock,2025-01-15
797,149,28,Restock,2024-11-05
798,123,30,Restock,2025-03-16
799,17,45,Restock,2024-07-30
800,195,-48,Sale,2024-06-28
801,177,1,Restock,2025-02-06
802,180,50,Restock,2025-02-11
803,66,0,Restock,2025-02-27
804,125,52,Restock,2024-10-15
805,91,-29,Sale,2025-04-08
806,99,96,Restock,2024-06-23
807,111,-32,Sale,2025-03-14
808,130,4,Restock,2024-07-26
809,114,14,Restock,2025-05-20
810,8,94,Restock,2024-08-26
811,85,63,Restock,2025-01-06
812,192,93,Restock,2024-09-18
813,117,33,Restock,2025-04-12
814,64,-18,Sale,2024-07-18
815,200,80,Restock,2024-10-24
816,14,-29,Sale,2024-06-29
817,95,-25,Sale,2024-12-19
818,168,27,Restock,2024-10-16
819,163,67,Restock,2024-09-02
820,10,78,Restock,2024-07-02
821,144,-46,Sale,2025-01-26
822,79,70,Restock,2024-10-23
823,27,2,Restock,2024-08-29
824,116,36,Restock,2025-05-07
825,14,32,Restock,2025-03-29
826,32,-28,Sale,2024-12-10
827,144,72,Restock,2024-06-12
828,68,24,Restock,2025-03-07
829,48,46,Restock,2024-11-02
830,132,-8,Sale,2024-09-24
831,130,-23,Sale,2024-07-18
832,92,-22,Sale,2024-12-01
833,126,24,Restock,2025-03-13
834,8,-15,Sale,2024-08-29
835,183,-4,Sale,2024-12-16
836,20,-27,Sale,2025-04-01
837,132,81,Restock,2025-02-14
838,13,-14,Sale,2024-10-27
839,33,91,Restock,2024-05-27
840,190,-41,Sale,2025-04-24
841,61,-14,Sale,2024-12-09
842,147,-24,Sale,2024-10-04
843,160,-47,Sale,2024-10-09
844,19,47,Restock,2024-12-11
845,181,55,Restock,2025-01-07
846,122,16,Restock,2025-04-27
847,76,70,Restock,2024-08-07
848,83,-42,Sale,2025-02-01
849,127,90,Restock,2024-05-26
850,67,32,Restock,2025-02-17
851,149,-9,Sale,2024-09-22
852,90,-43,Sale,2024-10-14
853,102,89,Restock,2024-08-29
854,175,-3,Sale,2025-01-23
855,135,-1,Sale,2024-11-23
856,58,84,Restock,2024-10-28
857,45,3,Restock,2025-01-13
858,124,58,Restock,2024-08-13
859,131,-5,Sale,2025-02-09
860,52,-29,Sale,2024-11-30
861,127,27,Restock,2025-03-03
862,91,-20,Sale,2024-11-29
863,7,-9,Sale,2024-08-24
864,14,64,Restock,2025-01-03
865,183,43,Restock,2024-11-21
866,11,89,Restock,2024-12-22
867,95,18,Restock,2024-06-30
868,128,56,Restock,2025-02-07
869,15,-37,Sale,2024-12-03
870,31,51,Restock,2024-07-21
871,89,26,Restock,2024-08-17
872,117,96,Restock,2024-11-07
873,89,8,Restock,2024-09-29
874,140,68,Restock,2025-04-11
875,117,-46,Sale,2024-12-08
876,129,-47,Sale,2025-04-08
877,90,-40,Sale,2024-06-03
878,155,-39,Sale,2025-02-13
879,91,90,Restock,2024-10-17
880,18,57,Restock,2025-01-15
881,37,-12,Sale,2025-03-02
882,46,70,Restock,2024-05-31
883,161,42,Restock,2024-12-29
884,153,73,Restock,2024-09-01
885,126,70,Restock,2024-10-13
886,75,99,Restock,2024-10-24
887,112,-47,Sale,2024-09-30
888,146,74,Restock,2025-02-17
889,184,99,Restock,2024-06-30
890,124,2,Restock,2024-05-21
891,46,-25,Sale,2024-11-20
892,58,32,Restock,2025-04-08
893,104,88,Restock,2025-04-06
894,171,-22,Sale,2024-07-13
895,146,98,Restock,2024-12-21
896,136,51,Restock,2024-08-02
897,30,-39,Sale,2025-02-07
898,106,93,Restock,2024-12-20
899,70,-16,Sale,2025-01-10
900,122,91,Restock,2025-03-18
901,142,71,Restock,2024-07-10
902,107,36,Restock,2025-03-31
903,161,88,Restock,2025-03-27
904,155,51,Restock,2024-06-18
905,144,-16,Sale,2025-03-21
906,133,67,Restock,2025-01-12
907,188,79,Restock,2024-10-15
908,125,60,Restock,2024-11-09
909,27,-38,Sale,2024-06-03
910,103,-31,Sale,2025-02-24
911,116,93,Restock,2025-01-07
912,115,69,Restock,2025-03-14
913,66,89,Restock,2024-11-20
914,86,-35,Sale,2024-08-22
915,153,66,Restock,2025-04-07
916,10,-5,Sale,2024-08-27
917,44,18,Restock,2024-08-09
918,172,92,Restock,2024-08-10
919,176,0,Restock,2025-03-31
920,95,9,Restock,2024-11-22
921,55,57,Restock,2025-03-26
922,191,-47,Sale,2025-04-07
923,107,-31,Sale,2025-01-20
924,149,-33,Sale,2024-11-20
925,61,12,Restock,2025-02-06
926,50,-48,Sale,2025-02-01
927,144,-49,Sale,2024-09-04
928,1,20,Restock,2024-07-17
929,166,-6,Sale,2024-08-02
930,4,51,Restock,2024-10-29
931,80,-26,Sale,2025-04-21
932,41,68,Restock,2024-07-31
933,100,77,Restock,2025-02-19
934,188,11,Restock,2025-02-15
935,165,-12,Sale,2024-10-04
936,50,-2,Sale,2025-03-18
937,67,-17,Sale,2024-12-23
938,105,74,Restock,2024-09-06
939,54,-8,Sale,2024-07-08
940,80,33,Restock,2024-09-29
941,25,55,Restock,2024-08-01
942,23,34,Restock,2024-12-18
943,60,76,Restock,2025-04-17
944,70,94,Restock,2025-05-11
945,80,-48,Sale,2025-03-22
946,185,48,Restock,2024-12-11
947,193,10,Restock,2025-03-04
948,183,-17,Sale,2024-12-26
949,128,-7,Sale,2024-06-16
950,159,51,Restock,2025-01-28
951,24,-19,Sale,2025-04-03
952,57,65,Restock,2024-06-23
953,115,-44,Sale,2025-05-12
954,152,91,Restock,2024-10-19
955,92,-44,Sale,2024-10-27
956,142,-8,Sale,2024-06-19
957,84,44,Restock,2025-03-30
958,143,22,Restock,2024-11-22
959,160,55,Restock,2024-11-02
960,41,-50,Sale,2024-11-26
961,7,95,Restock,2025-04-16
962,50,63,Restock,2025-04-19
963,106,98,Restock,2024-12-30
964,165,-50,Sale,2025-03-30
965,29,7,Restock,2025-02-26
966,57,-12,Sale,2025-05-07
967,26,-33,Sale,2025-02-02
968,186,35,Restock,2025-03-13
969,22,-36,Sale,2024-07-28
970,15,9,Restock,2024-07-10
971,72,-34,Sale,2024-10-25
972,187,61,Restock,2024-07-20
973,177,-45,Sale,2024-11-08
974,22,-39,Sale,2024-07-29
975,55,21,Restock,2024-12-22
976,139,-3,Sale,2025-01-22
977,2,38,Restock,2025-03-24
978,112,68,Restock,2024-07-26
979,128,-25,Sale,2024-07-22
980,175,35,Restock,2024-09-29
981,175,-2,Sale,2024-05-26
982,173,-13,Sale,2025-04-14
983,152,-28,Sale,2025-01-03
984,19,-4,Sale,2024-08-05
985,57,35,Restock,2024-10-13
986,61,63,Restock,2025-01-31
987,194,14,Restock,2025-02-08
988,181,-44,Sale,2024-08-06
989,192,54,Restock,2024-09-07
990,186,-29,Sale,2025-04-17
991,40,66,Restock,2024-07-08
992,72,-49,Sale,2025-03-02
993,133,77,Restock,2025-02-16
994,65,72,Restock,2025-02-10
995,115,48,Restock,2024-09-20
996,176,23,Restock,2025-02-24
997,33,56,Restock,2024-09-10
998,182,-9,Sale,2024-07-26
999,21,37,Restock,2025-02-10
1000,97,81,Restock,2024-08-30
1001,27,1,Restock,2024-06-20
1002,191,-8,Sale,2024-09-13
1003,55,14,Restock,2024-12-25
1004,94,-20,Sale,2024-08-28
1005,104,-46,Sale,2025-05-17
1006,52,36,Restock,2024-11-21
1007,125,8,Restock,2024-07-10
1008,67,69,Restock,2025-01-15
1009,174,-42,Sale,2025-03-10
1010,167,23,Restock,2024-11-22
1011,23,44,Restock,2024-08-18
1012,135,67,Restock,2024-10-14
1013,11,-13,Sale,2025-04-22
1014,188,5,Restock,2025-03-09
1015,175,36,Restock,2024-11-18
1016,75,14,Restock,2025-03-29
1017,84,-18,Sale,2024-12-18
1018,17,52,Restock,2025-01-01
1019,200,68,Restock,2024-11-21
1020,99,16,Restock,2025-01-09
1021,119,11,Restock,2024-09-15
1022,64,-44,Sale,2024-08-12
1023,77,100,Restock,2025-03-14
1024,90,50,Restock,2024-08-27
1025,110,42,Restock,2024-12-26
1026,13,36,Restock,2025-02-24
1027,110,-10,Sale,2024-10-25
1028,144,44,Restock,2024-06-21
1029,52,-5,Sale,2025-04-01
1030,14,36,Restock,2025-05-02
1031,137,96,Restock,2024-12-15
1032,5,65,Restock,2024-08-10
1033,193,-23,Sale,2024-07-21
1034,167,10,Restock,2025-03-17
1035,125,56,Restock,2024-08-16
1036,165,-8,Sale,2025-02-24
1037,36,-27,Sale,2024-08-30
1038,162,-47,Sale,2025-03-14
1039,52,13,Restock,2024-12-04
1040,110,-38,Sale,2024-10-24
1041,190,-8,Sale,2024-12-27
1042,163,34,Restock,2025-01-01
1043,42,3,Restock,2025-02-28
1044,191,1,Restock,2024-12-23
1045,193,-39,Sale,2024-12-01
1046,45,26,Restock,2025-02-20
1047,112,-1,Sale,2024-08-07
1048,175,-5,Sale,2024-08-01
1049,133,74,Restock,2024-12-10
1050,156,86,Restock,2024-05-30
1051,142,41,Restock,2024-08-30
1052,3,50,Restock,2025-04-13
1053,117,4,Restock,2024-11-30
1054,34,-47,Sale,2025-05-05
1055,60,-40,Sale,2024-09-10
1056,178,-43,Sale,2024-10-21
1057,48,21,Restock,2024-12-09
1058,143,-18,Sale,2024-06-26
1059,136,-15,Sale,2024-05-21
1060,175,85,Restock,2024-11-19
1061,24,48,Restock,2024-06-15
1062,25,-38,Sale,2024-09-22
1063,103,60,Restock,2025-03-30
1064,54,73,Restock,2024-09-08
1065,196,-33,Sale,2024-10-15
1066,89,4,Restock,2024-07-12
1067,152,44,Restock,2025-02-26
1068,195,93,Restock,2024-09-27
1069,67,65,Restock,2025-01-15
1070,187,-1,Sale,2024-09-24
1071,123,99,Restock,2025-03-11
1072,157,42,Restock,2025-03-15
1073,190,66,Restock,2024-07-28
1074,195,7,Restock,2024-10-18
1075,131,58,Restock,2024-09-01
1076,60,22,Restock,2025-02-18
1077,83,89,Restock,2024-09-05
1078,200,-45,Sale,2024-12-29
1079,78,38,Restock,2025-05-13
1080,26,28,Restock,2024-09-09
1081,124,74,Restock,2024-07-16
1082,22,-20,Sale,2024-12-24
1083,2,90,Restock,2024-10-22
1084,181,-30,Sale,2025-04-01
1085,183,-33,Sale,2025-05-10
1086,5,-31,Sale,2024-09-28
1087,147,2,Restock,2024-10-22
1088,3,-36,Sale,2025-04-29
1089,167,10,Restock,2025-02-17
1090,24,-32,Sale,2024-07-10
1091,48,-41,Sale,2024-09-17
1092,92,-26,Sale,2024-10-17
1093,4,9,Restock,2025-03-28
1094,136,65,Restock,2024-05-25
1095,164,-26,Sale,2024-11-28
1096,149,27,Restock,2025-04-17
1097,50,39,Restock,2024-08-15
1098,193,-30,Sale,2024-12-18
1099,154,-6,Sale,2025-03-17
1100,22,95,Restock,2025-04-07
1101,70,-26,Sale,2024-11-14
1102,12,7,Restock,2025-03-05
1103,173,56,Restock,2024-09-17
1104,103,14,Restock,2025-05-10
1105,196,21,Restock,2025-03-27
1106,55,70,Restock,2024-06-17
1107,48,29,Restock,2025-04-11
1108,20,64,Restock,2024-07-08
1109,99,70,Restock,2024-12-16
1110,182,-20,Sale,2024-06-08
1111,67,-45,Sale,2024-11-27
1112,76,-38,Sale,2024-10-21
1113,109,52,Restock,2024-08-12
1114,165,69,Restock,2025-04-30
1115,137,10,Restock,2024-06-30
1116,75,95,Restock,2025-01-19
1117,4,49,Restock,2025-03-20
1118,68,33,Restock,2024-09-24
1119,103,-6,Sale,2024-12-16
1120,158,96,Restock,2024-07-14
1121,83,-3,Sale,2024-12-31
1122,94,95,Restock,2024-09-30
1123,131,65,Restock,2024-06-06
1124,155,27,Restock,2024-05-24
1125,128,72,Restock,2024-06-27
1126,162,-47,Sale,2024-11-09
1127,52,27,Restock,2024-10-26
1128,170,-5,Sale,2025-02-09
1129,53,83,Restock,2024-10-25
1130,46,63,Restock,2024-05-27
1131,194,9,Restock,2025-01-12
1132,156,-7,Sale,2024-07-17
1133,27,73,Restock,2024-07-05
1134,61,28,Restock,2024-09-12
1135,158,60,Restock,2025-04-24
1136,116,12,Restock,2025-02-07
1137,112,91,Restock,2024-06-21
1138,81,32,Restock,2024-12-07
1139,34,88,Restock,2024-09-23
1140,184,16,Restock,2024-06-19
1141,55,14,Restock,2024-10-12
1142,195,83,Restock,2024-07-14
1143,102,-45,Sale,2024-06-17
1144,149,85,Restock,2025-04-08
1145,149,96,Restock,2025-01-21
1146,30,34,Restock,2025-04-23
1147,69,-40,Sale,2024-10-23
1148,50,66,Restock,2025-03-07
1149,45,-47,Sale,2025-03-10
1150,77,69,Restock,2024-10-23
1151,184,15,Restock,2024-10-29
1152,163,6,Restock,2025-02-12
1153,17,-49,Sale,2024-08-03
1154,26,69,Restock,2025-01-28
1155,171,-2,Sale,2024-09-24
1156,89,76,Restock,2025-04-27
1157,126,91,Restock,2024-05-30
1158,174,77,Restock,2024-08-05
1159,9,-19,Sale,2025-03-03
1160,19,28,Restock,2024-06-08
1161,80,45,Restock,2024-06-01
1162,73,96,Restock,2024-10-26
1163,117,46,Restock,2024-09-15
1164,17,8,Restock,2025-03-26
1165,89,8,Restock,2024-09-19
1166,107,56,Restock,2024-10-31
1167,28,-35,Sale,2025-02-17
1168,94,-3,Sale,2024-10-19
1169,118,19,Restock,2024-11-06
1170,165,19,Restock,2025-02-01
1171,166,36,Restock,2025-05-18
1172,31,-10,Sale,2025-05-14
1173,74,59,Restock,2024-10-31
1174,99,33,Restock,2024-07-27
1175,135,18,Restock,2024-11-12
1176,46,79,Restock,2024-11-20
1177,22,-36,Sale,2024-11-14
1178,53,-24,Sale,2024-07-25
1179,168,56,Restock,2025-03-18
1180,4,84,Restock,2024-06-17
1181,21,-34,Sale,2025-03-15
1182,82,72,Restock,2024-12-17
1183,31,41,Restock,2024-08-16
1184,149,20,Restock,2024-11-05
1185,8,-29,Sale,2024-12-08
1186,56,93,Restock,2025-05-05
1187,63,-32,Sale,2025-04-25
1188,132,51,Restock,2025-01-05
1189,181,51,Restock,2024-10-05
1190,109,2,Restock,2024-06-15
1191,172,3,Restock,2024-06-20
1192,121,67,Restock,2024-08-28
1193,178,79,Restock,2024-12-04
1194,8,-40,Sale,2024-12-04
1195,21,62,Restock,2025-01-15
1196,22,74,Restock,2024-08-26
1197,158,69,Restock,2025-03-21
1198,76,60,Restock,2024-10-16
1199,108,73,Restock,2024-07-26
1200,13,55,Restock,2024-09-22
1201,144,-1,Sale,2025-05-18
1202,168,-6,Sale,2025-01-02
1203,136,1,Restock,2025-02-27
1204,105,-42,Sale,2024-07-23
1205,34,-2,Sale,2024-08-22
1206,9,85,Restock,2024-12-28
1207,6,93,Restock,2024-10-27
1208,79,4,Restock,2024-12-17
1209,32,68,Restock,2024-10-09
1210,64,-16,Sale,2025-04-23
1211,36,52,Restock,2025-02-19
1212,128,7,Restock,2024-12-23
1213,198,-23,Sale,2024-06-16
1214,198,8,Restock,2024-05-30
1215,63,-23,Sale,2024-06-18
1216,77,62,Restock,2025-03-12
1217,19,-16,Sale,2024-07-04
1218,95,66,Restock,2024-08-21
1219,108,10,Restock,2024-10-04
1220,59,58,Restock,2024-11-06
1221,91,-12,Sale,2025-02-22
1222,38,92,Restock,2024-06-05
1223,161,25,Restock,2024-06-02
1224,176,26,Restock,2024-06-05
1225,13,58,Restock,2025-02-11
1226,3,-43,Sale,2025-02-11
1227,17,72,Restock,2024-07-24
1228,114,-38,Sale,2025-03-01
1229,79,84,Restock,2024-09-08
1230,188,-47,Sale,2025-04-21
1231,74,-24,Sale,2024-08-19
1232,198,-36,Sale,2024-11-10
1233,4,96,Restock,2024-07-02
1234,168,38,Restock,2024-07-04
1235,130,96,Restock,2024-10-28
1236,175,88,Restock,2024-07-30
1237,193,-19,Sale,2024-12-30
1238,75,61,Restock,2024-08-03
1239,68,-30,Sale,2025-01-25
1240,180,79,Restock,2025-01-03
1241,62,57,Restock,2024-12-27
1242,116,44,Restock,2024-12-22
1243,99,44,Restock,2025-04-23
1244,3,3,Restock,2025-03-02
1245,144,78,Restock,2025-05-16
1246,88,6,Restock,2025-01-25
1247,98,100,Restock,2024-11-17
1248,37,95,Restock,2024-08-01
1249,106,16,Restock,2025-01-09
1250,119,-27,Sale,2024-07-05
1251,25,78,Restock,2024-06-29
1252,178,65,Restock,2024-06-03
1253,186,38,Restock,2025-01-08
1254,190,-11,Sale,2024-05-30
1255,67,10,Restock,2024-05-28
1256,92,99,Restock,2024-06-19
1257,33,67,Restock,2024-07-06
1258,34,-23,Sale,2024-08-12
1259,174,82,Restock,2024-07-13
1260,94,-16,Sale,2025-03-07
1261,200,7,Restock,2024-07-24
1262,77,-27,Sale,2025-01-26
1263,134,83,Restock,2025-01-06
1264,177,32,Restock,2025-03-01
1265,57,-34,Sale,2025-05-05
1266,140,7,Restock,2024-06-12
1267,24,0,Restock,2024-08-01
1268,24,-15,Sale,2024-06-17
1269,78,-48,Sale,2024-07-14
1270,157,-3,Sale,2025-02-20
1271,28,-10,Sale,2025-01-21
1272,88,-6,Sale,2024-06-01
1273,81,46,Restock,2024-10-15
1274,68,-33,Sale,2024-07-30
1275,84,24,Restock,2024-06-09
1276,105,8,Restock,2025-04-13
1277,54,57,Restock,2025-04-09
1278,35,82,Restock,2025-03-22
1279,41,98,Restock,2024-08-26
1280,76,69,Restock,2025-04-14
1281,180,55,Restock,2025-01-14
1282,33,16,Restock,2024-12-27
1283,65,21,Restock,2025-01-02
1284,94,38,Restock,2024-07-20
1285,62,68,Restock,2024-12-29
1286,37,-44,Sale,2024-08-26
1287,184,79,Restock,2024-08-04
1288,91,48,Restock,2024-06-15
1289,174,36,Restock,2024-06-05
1290,47,70,Restock,2025-03-29
1291,52,-8,Sale,2024-07-31
1292,18,42,Restock,2024-06-11
1293,126,-4,Sale,2025-03-08
1294,111,33,Restock,2024-07-07
1295,72,28,Restock,2025-04-26
1296,2,6,Restock,2024-10-02
1297,95,17,Restock,2024-07-09
1298,36,93,Restock,2025-01-28
1299,181,80,Restock,2025-01-28
1300,161,88,Restock,2025-01-25
1301,84,68,Restock,2024-07-27
1302,122,-19,Sale,2024-05-24
1303,46,64,Restock,2024-07-11
1304,8,-48,Sale,2025-03-04
1305,160,-23,Sale,2024-12-16
1306,35,-1,Sale,2024-11-22
1307,105,40,Restock,2024-10-26
1308,67,0,Restock,2025-02-12
1309,193,-33,Sale,2025-04-08
1310,181,77,Restock,2025-02-07
1311,188,-10,Sale,2025-02-08
1312,162,0,Restock,2024-08-31
1313,115,58,Restock,2025-02-14
1314,88,83,Restock,2025-02-03
1315,152,-8,Sale,2024-06-19
1316,93,-34,Sale,2024-10-22
1317,5,85,Restock,2024-12-18
1318,143,-46,Sale,2024-06-09
1319,38,-45,Sale,2024-10-02
1320,48,-26,Sale,2024-09-06
1321,191,-8,Sale,2024-06-04
1322,188,-29,Sale,2025-03-26
1323,34,-14,Sale,2025-01-05
1324,191,43,Restock,2024-12-14
1325,6,5,Restock,2024-11-15
1326,163,86,Restock,2025-04-16
1327,12,13,Restock,2025-03-02
1328,65,35,Restock,2024-12-11
1329,142,69,Restock,2024-10-01
1330,97,26,Restock,2024-11-18
1331,200,39,Restock,2024-10-02
1332,138,78,Restock,2024-11-26
1333,166,76,Restock,2024-07-27
1334,10,-23,Sale,2024-10-14
1335,122,-47,Sale,2025-03-23
1336,37,18,Restock,2025-03-03
1337,86,-5,Sale,2024-11-20
1338,63,61,Restock,2024-08-17
1339,79,60,Restock,2025-03-14
1340,98,19,Restock,2024-08-24
1341,28,-37,Sale,2025-04-06
1342,118,78,Restock,2025-02-20
1343,98,96,Restock,2024-11-07
1344,16,55,Restock,2024-10-21
1345,60,84,Restock,2024-12-23
1346,34,71,Restock,2024-08-22
1347,115,99,Restock,2024-08-03
1348,35,26,Restock,2025-01-27
1349,118,94,Restock,2024-07-29
1350,113,39,Restock,2024-06-02
1351,98,-16,Sale,2024-05-22
1352,180,-15,Sale,2025-05-20
1353,41,22,Restock,2024-11-29
1354,16,26,Restock,2025-05-19
1355,47,-44,Sale,2024-08-23
1356,140,36,Restock,2024-07-18
1357,114,73,Restock,2024-08-17
1358,135,-48,Sale,2025-05-14
1359,190,45,Restock,2024-09-11
1360,165,93,Restock,2024-05-24
1361,183,-19,Sale,2024-06-18
1362,159,25,Restock,2024-10-08
1363,182,37,Restock,2024-12-06
1364,90,-38,Sale,2024-06-02
1365,172,6,Restock,2025-01-27
1366,152,60,Restock,2025-01-05
1367,180,97,Restock,2025-01-28
1368,12,94,Restock,2024-12-15
1369,127,66,Restock,2024-05-23
1370,39,2,Restock,2024-08-15
1371,74,-50,Sale,2025-04-26
1372,18,46,Restock,2025-05-10
1373,80,58,Restock,2025-04-19
1374,165,93,Restock,2025-03-02
1375,162,-11,Sale,2024-09-17
1376,161,62,Restock,2025-01-12
1377,6,5,Restock,2024-09-23
1378,33,-49,Sale,2024-11-12
1379,177,-35,Sale,2024-11-26
1380,154,69,Restock,2025-05-10
1381,77,63,Restock,2025-03-14
1382,88,72,Restock,2025-02-10
1383,21,90,Restock,2024-11-15
1384,107,-39,Sale,2024-08-30
1385,176,52,Restock,2024-10-30
1386,38,29,Restock,2024-10-25
1387,78,53,Restock,2024-08-01
1388,106,-24,Sale,2024-05-28
1389,39,-2,Sale,2024-12-14
1390,31,25,Restock,2024-06-26
1391,63,26,Restock,2024-09-03
1392,78,-14,Sale,2024-06-30
1393,158,-17,Sale,2025-05-14
1394,55,-21,Sale,2024-12-15
1395,117,-7,Sale,2024-07-08
1396,68,-36,Sale,2024-06-04
1397,96,-39,Sale,2024-12-27
1398,176,-18,Sale,2024-09-24
1399,150,-29,Sale,2024-06-02
1400,67,72,Restock,2024-11-28
1401,11,-48,Sale,2024-08-21
1402,195,4,Restock,2024-09-28
1403,59,25,Restock,2025-03-19
1404,144,79,Restock,2024-11-12
1405,102,22,Restock,2024-06-06
1406,185,22,Restock,2024-10-24
1407,60,0,Restock,2024-08-31
1408,118,-9,Sale,2024-07-07
1409,91,75,Restock,2024-11-17
1410,92,75,Restock,2024-10-22
1411,130,-14,Sale,2025-03-10
1412,49,-44,Sale,2025-05-19
1413,191,44,Restock,2024-05-23
1414,100,63,Restock,2024-05-21
1415,160,-10,Sale,2024-09-23
1416,163,74,Restock,2024-10-23
1417,153,69,Restock,2024-05-21
1418,71,70,Restock,2024-06-29
1419,102,51,Restock,2024-12-14
1420,26,6,Restock,2024-09-28
1421,117,17,Restock,2025-04-11
1422,55,-13,Sale,2025-04-19
1423,78,-39,Sale,2024-06-25
1424,72,58,Restock,2024-11-27
1425,40,87,Restock,2025-04-01
1426,135,7,Restock,2024-07-09
1427,135,-39,Sale,2025-01-27
1428,52,82,Restock,2024-06-21
1429,5,42,Restock,2024-12-15
1430,34,29,Restock,2024-07-26
1431,123,56,Restock,2024-09-21
1432,192,-16,Sale,2024-09-12
1433,121,68,Restock,2024-09-05
1434,131,-23,Sale,2025-02-05
1435,160,73,Restock,2025-02-28
1436,52,88,Restock,2025-03-14
1437,171,-40,Sale,2024-07-08
1438,93,-3,Sale,2024-06-04
1439,189,97,Restock,2024-08-06
1440,76,-36,Sale,2025-05-04
1441,147,57,Restock,2024-11-24
1442,104,2,Restock,2024-09-08
1443,180,-32,Sale,2024-07-11
1444,85,30,Restock,2024-08-27
1445,192,62,Restock,2024-12-01
1446,56,7,Restock,2024-08-20
1447,47,28,Restock,2024-09-23
1448,102,51,Restock,2025-02-15
1449,61,22,Restock,2024-07-23
1450,172,-44,Sale,2024-12-13
1451,32,96,Restock,2024-07-26
1452,136,-50,Sale,2025-02-11
1453,98,43,Restock,2024-11-06
1454,182,1,Restock,2025-04-26
1455,57,-36,Sale,2025-01-23
1456,82,76,Restock,2025-02-15
1457,28,98,Restock,2024-06-24
1458,6,-44,Sale,2024-07-29
1459,72,8,Restock,2024-12-15
1460,36,76,Restock,2024-07-20
1461,135,-11,Sale,2025-03-22
1462,100,80,Restock,2024-11-29
1463,70,-28,Sale,2025-02-16
1464,6,23,Restock,2025-02-22
1465,153,80,Restock,2024-06-16
1466,10,-31,Sale,2025-03-05
1467,89,-14,Sale,2024-08-18
1468,41,75,Restock,2024-11-03
1469,49,-24,Sale,2024-10-27
1470,20,62,Restock,2025-02-22
1471,145,77,Restock,2024-07-04
1472,50,19,Restock,2025-02-28
1473,151,47,Restock,2025-03-11
1474,26,-37,Sale,2024-12-13
1475,182,-40,Sale,2024-12-06
1476,192,93,Restock,2025-05-10
1477,107,12,Restock,2024-09-14
1478,124,-35,Sale,2024-06-15
1479,168,18,Restock,2024-08-12
1480,178,83,Restock,2024-05-27
1481,68,87,Restock,2024-07-17
1482,174,-28,Sale,2025-04-15
1483,75,33,Restock,2025-04-08
1484,156,-24,Sale,2024-05-29
1485,124,80,Restock,2025-03-20
1486,97,65,Restock,2024-11-17
1487,70,56,Restock,2025-01-15
1488,184,68,Restock,2025-01-08
1489,198,52,Restock,2025-03-05
1490,3,73,Restock,2024-10-23
1491,162,42,Restock,2025-03-29
1492,101,70,Restock,2025-03-10
1493,129,6,Restock,2024-08-28
1494,80,74,Restock,2025-03-14
1495,190,82,Restock,2024-10-11
1496,113,20,Restock,2024-12-24
1497,37,79,Restock,2024-11-07
1498,171,-40,Sale,2025-02-27
1499,16,49,Restock,2025-02-07
1500,86,18,Restock,2024-12-02
1501,27,1,Restock,2024-07-09
1502,56,76,Restock,2025-02-12
1503,96,81,Restock,2024-08-30
1504,18,31,Restock,2025-02-25
1505,69,84,Restock,2024-09-29
1506,9,42,Restock,2024-10-12
1507,135,-34,Sale,2024-11-03
1508,172,32,Restock,2024-11-01
1509,131,98,Restock,2025-02-21
1510,56,-2,Sale,2024-12-13
1511,85,-13,Sale,2024-10-29
1512,87,73,Restock,2024-08-08
1513,130,94,Restock,2024-09-19
1514,90,-13,Sale,2024-09-01
1515,187,23,Restock,2024-12-20
1516,146,-22,Sale,2024-11-07
1517,160,-11,Sale,2024-12-07
1518,39,42,Restock,2024-09-12
1519,8,50,Restock,2025-01-15
1520,73,-33,Sale,2025-05-20
1521,140,-20,Sale,2025-03-27
1522,91,-9,Sale,2024-11-01
1523,9,99,Restock,2024-08-05
1524,6,26,Restock,2024-07-21
1525,73,87,Restock,2024-09-22
1526,121,22,Restock,2025-04-18
1527,23,65,Restock,2025-02-15
1528,90,41,Restock,2024-07-20
1529,173,-35,Sale,2024-12-16
1530,68,7,Restock,2025-04-18
1531,200,48,Restock,2024-08-16
1532,45,49,Restock,2024-11-26
1533,53,-50,Sale,2025-04-09
1534,191,-18,Sale,2025-05-05
1535,79,88,Restock,2024-09-16
1536,38,87,Restock,2025-04-19
1537,24,80,Restock,2025-04-23
1538,171,-15,Sale,2024-06-22
1539,191,61,Restock,2024-07-01
1540,84,55,Restock,2025-01-04
1541,4,16,Restock,2024-05-26
1542,193,31,Restock,2024-12-24
1543,102,15,Restock,2024-08-04
1544,197,-15,Sale,2025-01-20
1545,141,-28,Sale,2025-05-20
1546,198,-12,Sale,2024-07-24
1547,83,-27,Sale,2024-09-21
1548,176,-47,Sale,2024-08-23
1549,162,-23,Sale,2024-10-23
1550,11,57,Restock,2025-01-11
1551,195,-4,Sale,2024-08-19
1552,100,-29,Sale,2025-03-25
1553,197,50,Restock,2024-11-27
1554,113,-35,Sale,2024-05-29
1555,195,59,Restock,2024-06-08
1556,6,-46,Sale,2024-12-06
1557,129,99,Restock,2025-03-19
1558,62,1,Restock,2024-07-23
1559,164,81,Restock,2024-07-30
1560,184,47,Restock,2025-02-26
1561,183,16,Restock,2024-11-06
1562,123,61,Restock,2024-06-07
1563,17,52,Restock,2024-10-21
1564,115,23,Restock,2025-04-07
1565,51,32,Restock,2024-06-14
1566,73,53,Restock,2025-03-21
1567,60,76,Restock,2025-04-03
1568,50,86,Restock,2025-03-11
1569,133,49,Restock,2024-11-06
1570,166,-26,Sale,2025-04-06
1571,199,85,Restock,2025-03-09
1572,38,94,Restock,2025-01-30
1573,30,-4,Sale,2025-01-31
1574,71,86,Restock,2024-10-18
1575,169,13,Restock,2024-06-23
1576,24,2,Restock,2024-07-28
1577,105,63,Restock,2025-02-24
1578,117,32,Restock,2024-12-10
1579,39,-41,Sale,2024-10-28
1580,72,-22,Sale,2024-05-28
1581,20,45,Restock,2025-03-31
1582,48,15,Restock,2024-08-02
1583,71,36,Restock,2024-07-14
1584,7,-38,Sale,2024-11-02
1585,72,39,Restock,2024-10-30
1586,17,41,Restock,2025-03-19
1587,73,27,Restock,2024-09-25
1588,107,-23,Sale,2024-10-04
1589,151,-35,Sale,2024-09-26
1590,110,53,Restock,2024-10-04
1591,116,78,Restock,2024-06-27
1592,51,42,Restock,2024-08-31
1593,57,93,Restock,2025-01-31
1594,29,-33,Sale,2025-01-28
1595,152,95,Restock,2024-06-14
1596,102,-17,Sale,2024-05-25
1597,178,-49,Sale,2025-01-07
1598,161,-6,Sale,2025-02-28
1599,118,23,Restock,2024-05-20
1600,76,26,Restock,2025-01-02
1601,119,85,Restock,2025-02-23
1602,85,48,Restock,2025-04-07
1603,27,97,Restock,2024-05-21
1604,176,43,Restock,2025-03-21
1605,108,84,Restock,2025-03-03
1606,15,-17,Sale,2024-08-05
1607,29,-24,Sale,2025-01-21
1608,60,13,Restock,2025-04-29
1609,22,94,Restock,2025-03-15
1610,168,90,Restock,2024-12-26
1611,95,74,Restock,2024-08-30
1612,47,51,Restock,2024-09-30
1613,118,13,Restock,2025-01-28
1614,118,20,Restock,2024-12-29
1615,22,91,Restock,2024-10-24
1616,29,91,Restock,2024-06-20
1617,191,-49,Sale,2024-11-03
1618,20,-21,Sale,2024-07-19
1619,89,-50,Sale,2025-01-19
1620,61,46,Restock,2025-01-28
1621,40,54,Restock,2024-12-31
1622,92,86,Restock,2024-09-17
1623,37,83,Restock,2024-10-06
1624,132,-12,Sale,2025-01-16
1625,14,4,Restock,2024-08-27
1626,171,-13,Sale,2024-10-08
1627,22,-5,Sale,2024-09-16
1628,149,-49,Sale,2024-07-01
1629,14,-38,Sale,2024-06-16
1630,197,51,Restock,2025-03-27
1631,130,61,Restock,2024-11-13
1632,169,64,Restock,2025-04-11
1633,158,87,Restock,2024-11-13
1634,96,20,Restock,2024-06-28
1635,30,-8,Sale,2025-05-10
1636,167,-8,Sale,2024-06-13
1637,105,52,Restock,2025-02-03
1638,29,-18,Sale,2025-04-06
1639,61,-36,Sale,2025-01-05
1640,194,70,Restock,2024-06-16
1641,186,-46,Sale,2025-04-05
1642,198,26,Restock,2024-10-21
1643,151,-42,Sale,2024-07-25
1644,76,30,Restock,2025-03-27
1645,93,7,Restock,2024-10-24
1646,38,67,Restock,2024-09-14
1647,148,-3,Sale,2024-08-17
1648,92,85,Restock,2024-07-03
1649,184,59,Restock,2025-03-12
1650,47,6,Restock,2024-12-16
1651,198,5,Restock,2024-09-16
1652,112,39,Restock,2024-08-21
1653,33,-20,Sale,2024-07-18
1654,101,42,Restock,2024-05-26
1655,147,11,Restock,2025-03-25
1656,120,9,Restock,2025-03-06
1657,101,-14,Sale,2024-11-13
1658,181,25,Restock,2024-09-06
1659,97,5,Restock,2025-04-11
1660,112,64,Restock,2024-06-13
1661,154,23,Restock,2024-05-31
1662,153,56,Restock,2024-10-14
1663,13,69,Restock,2024-10-08
1664,70,84,Restock,2024-09-07
1665,178,-16,Sale,2024-07-24
1666,85,37,Restock,2024-06-12
1667,67,-29,Sale,2025-04-28
1668,160,17,Restock,2024-08-30
1669,20,42,Restock,2025-05-15
1670,112,-9,Sale,2025-01-22
1671,76,72,Restock,2024-07-29
1672,5,-13,Sale,2024-12-19
1673,193,96,Restock,2025-03-22
1674,91,83,Restock,2024-06-04
1675,125,-22,Sale,2025-04-02
1676,25,-38,Sale,2024-09-27
1677,136,78,Restock,2025-02-25
1678,55,26,Restock,2024-06-17
1679,200,4,Restock,2025-04-10
1680,92,36,Restock,2025-03-11
1681,35,85,Restock,2024-08-27
1682,24,91,Restock,2024-12-27
1683,134,29,Restock,2024-10-13
1684,154,30,Restock,2024-07-08
1685,33,81,Restock,2025-03-12
1686,198,97,Restock,2024-11-18
1687,181,27,Restock,2024-07-14
1688,82,-3,Sale,2025-01-03
1689,4,21,Restock,2025-01-31
1690,196,-14,Sale,2024-11-09
1691,118,69,Restock,2024-08-11
1692,42,-50,Sale,2025-05-04
1693,58,-27,Sale,2024-08-13
1694,117,18,Restock,2024-08-03
1695,192,-24,Sale,2024-06-15
1696,115,67,Restock,2025-04-10
1697,22,1,Restock,2024-12-01
1698,16,44,Restock,2024-10-17
1699,153,24,Restock,2024-06-27
1700,57,-40,Sale,2025-02-18
1701,134,-31,Sale,2024-11-04
1702,198,24,Restock,2025-01-20
1703,17,92,Restock,2024-09-18
1704,157,9,Restock,2024-10-19
1705,25,19,Restock,2025-02-26
1706,174,-48,Sale,2024-10-29
1707,38,100,Restock,2024-08-25
1708,4,4,Restock,2025-02-19
1709,116,-21,Sale,2024-09-22
1710,74,65,Restock,2025-01-31
1711,70,-6,Sale,2024-12-04
1712,89,-21,Sale,2024-10-16
1713,33,-2,Sale,2025-02-12
1714,121,57,Restock,2024-10-03
1715,8,-7,Sale,2024-06-30
1716,179,-50,Sale,2025-02-12
1717,199,25,Restock,2025-01-16
1718,84,-2,Sale,2025-04-09
1719,50,96,Restock,2025-03-03
1720,23,-7,Sale,2025-04-22
1721,120,86,Restock,2025-01-01
1722,53,-45,Sale,2024-11-04
1723,126,87,Restock,2024-10-24
1724,156,6,Restock,2024-12-21
1725,147,-35,Sale,2024-09-15
1726,115,80,Restock,2024-08-15
1727,200,80,Restock,2024-11-27
1728,190,92,Restock,2025-02-14
1729,154,54,Restock,2025-01-18
1730,15,84,Restock,2025-04-01
1731,121,31,Restock,2025-05-18
1732,107,19,Restock,2025-02-22
1733,36,27,Restock,2025-02-14
1734,171,67,Restock,2025-01-24
1735,67,63,Restock,2024-08-12
1736,80,-3,Sale,2025-04-14
1737,49,82,Restock,2025-03-06
1738,83,9,Restock,2024-06-01
1739,105,25,Restock,2025-04-16
1740,198,38,Restock,2025-04-22
1741,90,-48,Sale,2025-03-05
1742,164,-39,Sale,2024-12-25
1743,174,72,Restock,2024-12-15
1744,114,-3,Sale,2025-03-18
1745,124,20,Restock,2025-01-18
1746,40,17,Restock,2025-01-04
1747,34,-16,Sale,2024-07-15
1748,46,81,Restock,2024-12-17
1749,127,83,Restock,2024-12-23
1750,106,-8,Sale,2024-07-25
1751,115,-28,Sale,2025-04-19
1752,15,16,Restock,2024-08-11
1753,11,27,Restock,2024-11-20
1754,13,-5,Sale,2024-12-14
1755,187,-29,Sale,2024-12-04
1756,66,28,Restock,2025-04-22
1757,183,7,Restock,2024-12-15
1758,10,-16,Sale,2024-08-29
1759,5,48,Restock,2024-10-03
1760,106,-47,Sale,2024-10-06
1761,199,2,Restock,2024-12-30
1762,141,94,Restock,2024-09-07
1763,90,12,Restock,2024-05-21
1764,185,50,Restock,2025-04-15
1765,53,42,Restock,2025-01-17
1766,43,-34,Sale,2024-09-13
1767,44,82,Restock,2025-01-01
1768,89,-44,Sale,2024-11-10
1769,172,71,Restock,2025-04-01
1770,7,96,Restock,2025-04-21
1771,32,68,Restock,2024-06-18
1772,158,98,Restock,2024-08-30
1773,40,-36,Sale,2024-12-21
1774,164,-21,Sale,2025-05-15
1775,56,61,Restock,2024-09-28
1776,162,-24,Sale,2025-03-21
1777,113,2,Restock,2024-05-30
1778,195,-12,Sale,2024-07-28
1779,48,57,Restock,2024-06-03
1780,116,42,Restock,2024-10-15
1781,178,-18,Sale,2024-09-06
1782,73,46,Restock,2024-08-14
1783,41,59,Restock,2024-10-18
1784,167,-36,Sale,2024-11-19
1785,164,1,Restock,2024-11-25
1786,19,87,Restock,2025-01-26
1787,189,96,Restock,2025-01-30
1788,76,-29,Sale,2024-12-21
1789,200,89,Restock,2024-10-17
1790,16,19,Restock,2025-03-31
1791,150,24,Restock,2024-08-09
1792,77,-42,Sale,2025-03-24
1793,193,93,Restock,2025-03-12
1794,28,38,Restock,2024-12-14
1795,16,76,Restock,2025-05-17
1796,82,-49,Sale,2025-01-13
1797,87,54,Restock,2025-04-09
1798,182,-20,Sale,2025-01-20
1799,51,92,Restock,2024-06-13
1800,1,77,Restock,2025-04-10
1801,3,23,Restock,2025-04-14
1802,130,91,Restock,2024-10-02
1803,112,40,Restock,2024-12-08
1804,163,-12,Sale,2024-08-10
1805,57,85,Restock,2025-04-09
1806,76,-22,Sale,2025-05-05
1807,142,22,Restock,2025-05-06
1808,151,66,Restock,2024-10-03
1809,55,53,Restock,2025-04-01
1810,99,83,Restock,2024-10-13
1811,57,7,Restock,2024-07-24
1812,190,36,Restock,2024-05-24
1813,188,100,Restock,2024-09-10
1814,53,-43,Sale,2025-01-09
1815,165,-28,Sale,2025-05-14
1816,27,64,Restock,2024-08-04
1817,174,61,Restock,2025-04-08
1818,120,-44,Sale,2024-08-26
1819,123,25,Restock,2024-11-30
1820,7,64,Restock,2024-09-25
1821,20,4,Restock,2024-06-01
1822,6,41,Restock,2024-09-08
1823,94,78,Restock,2024-09-03
1824,51,-18,Sale,2025-01-09
1825,64,68,Restock,2024-07-21
1826,142,37,Restock,2025-02-25
1827,113,74,Restock,2024-06-24
1828,102,-35,Sale,2024-11-10
1829,84,-34,Sale,2024-12-15
1830,25,-24,Sale,2024-08-12
1831,164,17,Restock,2025-02-16
1832,182,-11,Sale,2025-01-21
1833,125,-36,Sale,2024-09-17
1834,141,19,Restock,2024-07-05
1835,136,2,Restock,2024-10-12
1836,6,41,Restock,2025-03-01
1837,95,-14,Sale,2025-02-07
1838,74,24,Restock,2024-06-10
1839,75,-39,Sale,2024-11-04
1840,198,14,Restock,2024-06-12
1841,2,67,Restock,2025-05-04
1842,166,-2,Sale,2024-12-01
1843,156,28,Restock,2024-10-13
1844,28,-6,Sale,2024-12-24
1845,185,-38,Sale,2024-10-01
1846,123,64,Restock,2025-04-16
1847,47,-8,Sale,2024-06-26
1848,62,16,Restock,2024-09-18
1849,179,96,Restock,2024-10-11
1850,25,90,Restock,2025-03-21
1851,74,2,Restock,2024-10-30
1852,47,24,Restock,2025-04-26
1853,28,66,Restock,2025-01-28
1854,70,92,Restock,2025-03-07
1855,142,43,Restock,2025-05-13
1856,104,-42,Sale,2025-01-18
1857,67,-21,Sale,2025-02-08
1858,170,44,Restock,2025-02-15
1859,58,48,Restock,2024-05-21
1860,77,-48,Sale,2025-02-06
1861,98,-32,Sale,2024-11-26
1862,98,81,Restock,2024-06-16
1863,93,-27,Sale,2024-10-02
1864,117,15,Restock,2024-08-12
1865,151,37,Restock,2024-12-06
1866,9,37,Restock,2025-02-06
1867,144,60,Restock,2025-01-01
1868,6,-24,Sale,2025-01-14
1869,108,45,Restock,2024-06-14
1870,177,31,Restock,2025-02-23
1871,18,-34,Sale,2024-06-20
1872,33,73,Restock,2024-11-30
1873,141,7,Restock,2024-05-24
1874,199,73,Restock,2025-03-15
1875,58,-46,Sale,2024-06-29
1876,138,21,Restock,2025-03-29
1877,68,-1,Sale,2024-09-06
1878,75,31,Restock,2024-10-25
1879,15,89,Restock,2025-03-19
1880,172,80,Restock,2024-09-29
1881,129,55,Restock,2024-10-20
1882,44,-49,Sale,2024-10-27
1883,45,38,Restock,2024-11-10
1884,1,19,Restock,2025-05-14
1885,123,59,Restock,2025-04-20
1886,132,90,Restock,2025-04-20
1887,32,-24,Sale,2024-12-22
1888,28,52,Restock,2024-06-11
1889,42,59,Restock,2025-03-23
1890,47,77,Restock,2024-12-06
1891,86,70,Restock,2025-03-31
1892,180,-20,Sale,2024-10-19
1893,169,82,Restock,2024-10-04
1894,119,-10,Sale,2025-04-29
1895,76,-47,Sale,2024-07-22
1896,100,77,Restock,2025-01-03
1897,119,40,Restock,2024-09-14
1898,16,-30,Sale,2025-02-16
1899,155,53,Restock,2024-06-16
1900,21,73,Restock,2025-02-17
1901,33,91,Restock,2024-12-05
1902,137,78,Restock,2025-02-03
1903,84,53,Restock,2025-01-23
1904,103,3,Restock,2025-04-02
1905,19,93,Restock,2024-07-29
1906,155,84,Restock,2025-02-11
1907,9,6,Restock,2025-02-23
1908,176,70,Restock,2025-02-23
1909,154,21,Restock,2025-05-16
1910,149,71,Restock,2024-12-22
1911,33,60,Restock,2025-05-11
1912,200,70,Restock,2025-04-01
1913,111,74,Restock,2025-02-13
1914,30,-12,Sale,2024-09-24
1915,13,79,Restock,2024-05-22
1916,170,-31,Sale,2024-08-25
1917,12,-23,Sale,2024-12-21
1918,106,53,Restock,2024-09-14
1919,176,18,Restock,2024-12-30
1920,28,13,Restock,2024-10-05
1921,152,-41,Sale,2025-03-21
1922,142,82,Restock,2024-11-08
1923,134,80,Restock,2024-07-25
1924,9,-31,Sale,2025-05-17
1925,76,-39,Sale,2024-06-07
1926,1,-10,Sale,2025-02-19
1927,108,16,Restock,2024-08-28
1928,143,11,Restock,2024-06-18
1929,125,61,Restock,2024-06-03
1930,135,-2,Sale,2024-10-19
1931,90,-37,Sale,2024-08-11
1932,88,11,Restock,2024-11-14
1933,165,17,Restock,2025-03-28
1934,105,79,Restock,2025-04-13
1935,78,33,Restock,2024-06-24
1936,134,9,Restock,2025-04-23
1937,86,-1,Sale,2024-11-02
1938,62,-37,Sale,2024-09-26
1939,174,81,Restock,2024-08-12
1940,176,31,Restock,2024-06-15
1941,102,42,Restock,2024-12-25
1942,109,-21,Sale,2024-11-30
1943,93,12,Restock,2024-09-26
1944,158,-42,Sale,2025-05-12
1945,102,29,Restock,2025-04-15
1946,4,51,Restock,2025-03-10
1947,100,26,Restock,2024-07-20
1948,77,-15,Sale,2025-05-20
1949,8,-49,Sale,2025-02-24
1950,72,83,Restock,2025-04-24
1951,182,-26,Sale,2024-08-05
1952,137,-15,Sale,2024-09-22
1953,105,39,Restock,2025-03-29
1954,15,73,Restock,2024-07-11
1955,183,89,Restock,2025-04-16
1956,16,87,Restock,2024-10-17
1957,121,-25,Sale,2025-03-01
1958,65,89,Restock,2024-12-20
1959,6,36,Restock,2025-04-09
1960,139,-24,Sale,2025-01-15
1961,76,-36,Sale,2024-07-10
1962,196,17,Restock,2025-03-14
1963,44,45,Restock,2024-07-26
1964,199,60,Restock,2024-09-13
1965,146,49,Restock,2025-01-24
1966,13,-50,Sale,2024-06-08
1967,89,50,Restock,2025-02-04
1968,191,96,Restock,2025-03-26
1969,59,-22,Sale,2024-07-29
1970,30,68,Restock,2024-10-22
1971,197,-50,Sale,2024-08-29
1972,133,-9,Sale,2024-09-18
1973,76,100,Restock,2025-05-12
1974,64,9,Restock,2024-07-01
1975,116,79,Restock,2025-03-30
1976,103,-35,Sale,2025-04-16
1977,145,-10,Sale,2024-09-13
1978,105,34,Restock,2024-11-27
1979,38,-42,Sale,2025-04-23
1980,127,90,Restock,2024-06-25
1981,72,66,Restock,2025-03-04
1982,89,28,Restock,2024-08-16
1983,102,5,Restock,2024-12-15
1984,179,76,Restock,2024-11-26
1985,31,-20,Sale,2025-05-16
1986,191,57,Restock,2025-04-15
1987,139,-35,Sale,2025-04-30
1988,9,54,Restock,2025-05-20
1989,61,-17,Sale,2024-12-08
1990,67,29,Restock,2025-02-16
1991,132,52,Restock,2025-02-27
1992,177,30,Restock,2024-12-02
1993,120,-31,Sale,2024-10-18
1994,74,10,Restock,2024-11-11
1995,102,99,Restock,2025-04-15
1996,53,17,Restock,2025-04-04
1997,120,-3,Sale,2025-04-21
1998,6,-49,Sale,2024-09-22
1999,87,12,Restock,2024-09-15
2000,70,83,Restock,2024-09-07
2001,31,-27,Sale,2025-05-16
2002,8,65,Restock,2025-02-27
2003,125,38,Restock,2024-08-28
2004,167,41,Restock,2024-10-07
2005,151,68,Restock,2024-07-17
2006,90,-33,Sale,2025-02-21
2007,103,-43,Sale,2024-11-09
2008,172,66,Restock,2024-10-09
2009,130,-50,Sale,2024-10-31
2010,47,-42,Sale,2025-04-18
2011,101,74,Restock,2024-06-30
2012,152,45,Restock,2025-03-15
2013,30,27,Restock,2025-03-26
2014,79,33,Restock,2024-11-11
2015,129,36,Restock,2025-02-04
2016,30,-41,Sale,2024-09-25
2017,166,-27,Sale,2024-07-20
2018,21,65,Restock,2024-09-30
2019,99,78,Restock,2024-06-22
2020,32,58,Restock,2024-09-02
2021,30,57,Restock,2024-10-18
2022,174,-41,Sale,2024-10-04
2023,87,53,Restock,2024-11-07
2024,137,-2,Sale,2024-11-18
2025,111,72,Restock,2025-01-04
2026,16,47,Restock,2024-11-21
2027,24,67,Restock,2025-03-02
2028,46,94,Restock,2025-03-30
2029,66,56,Restock,2025-03-11
2030,110,-16,Sale,2024-09-15
2031,23,85,Restock,2024-05-26
2032,163,23,Restock,2025-02-16
2033,132,62,Restock,2024-09-20
2034,198,41,Restock,2024-09-20
2035,159,55,Restock,2024-07-07
2036,67,-43,Sale,2024-07-20
2037,195,-25,Sale,2024-07-09
2038,9,81,Restock,2025-02-26
2039,39,-46,Sale,2025-03-11
2040,140,84,Restock,2025-05-14
2041,18,-42,Sale,2024-07-13
2042,121,95,Restock,2024-12-12
2043,180,-49,Sale,2024-08-05
2044,47,-26,Sale,2025-03-06
2045,198,34,Restock,2025-05-04
2046,124,-37,Sale,2024-08-15
2047,116,-41,Sale,2024-10-02
2048,35,39,Restock,2024-09-05
2049,169,24,Restock,2024-11-16
2050,136,51,Restock,2025-01-08
2051,1,56,Restock,2025-01-15
2052,98,-27,Sale,2025-03-20
2053,111,2,Restock,2024-06-09
2054,81,-38,Sale,2025-04-08
2055,140,-43,Sale,2024-07-10
2056,115,40,Restock,2024-09-22
2057,135,8,Restock,2024-11-08
2058,149,-43,Sale,2024-12-04
2059,167,68,Restock,2024-08-26
2060,142,85,Restock,2024-08-24
2061,147,60,Restock,2025-02-23
2062,2,-50,Sale,2024-05-21
2063,81,45,Restock,2025-03-27
2064,121,-39,Sale,2024-07-14
2065,92,96,Restock,2024-07-17
2066,12,32,Restock,2025-04-01
2067,117,-26,Sale,2024-06-22
2068,87,5,Restock,2025-01-16
2069,53,-18,Sale,2025-05-15
2070,24,-19,Sale,2024-11-20
2071,48,26,Restock,2025-05-09
2072,63,-37,Sale,2024-10-29
2073,104,-36,Sale,2024-10-01
2074,62,13,Restock,2025-01-25
2075,190,86,Restock,2024-10-05
2076,128,96,Restock,2024-11-10
2077,89,98,Restock,2024-06-30
2078,32,-37,Sale,2024-11-18
2079,85,99,Restock,2024-06-26
2080,21,66,Restock,2025-02-10
2081,22,12,Restock,2024-08-01
2082,65,30,Restock,2025-04-25
2083,73,33,Restock,2025-03-12
2084,54,-7,Sale,2025-04-03
2085,146,24,Restock,2024-06-13
2086,78,-22,Sale,2024-08-18
2087,26,79,Restock,2025-03-24
2088,159,30,Restock,2024-11-23
2089,11,-11,Sale,2024-09-09
2090,198,31,Restock,2025-02-20
2091,60,63,Restock,2024-08-26
2092,124,97,Restock,2024-05-31
2093,102,-2,Sale,2025-03-20
2094,179,35,Restock,2024-10-18
2095,95,66,Restock,2024-11-18
2096,19,-41,Sale,2025-01-20
2097,75,-23,Sale,2024-11-02
2098,164,66,Restock,2024-06-05
2099,91,43,Restock,2024-09-18
2100,186,32,Restock,2024-05-27
2101,193,-50,Sale,2024-12-03
2102,127,-22,Sale,2024-12-30
2103,165,-46,Sale,2024-10-11
2104,119,15,Restock,2024-08-05
2105,140,4,Restock,2024-12-10
2106,100,-44,Sale,2025-05-13
2107,184,-39,Sale,2024-08-31
2108,25,64,Restock,2024-09-20
2109,38,84,Restock,2024-10-31
2110,91,84,Restock,2024-07-02
2111,55,86,Restock,2024-09-30
2112,124,-1,Sale,2024-10-27
2113,52,-43,Sale,2025-04-01
2114,194,73,Restock,2024-08-30
2115,35,-1,Sale,2025-01-24
2116,35,67,Restock,2024-07-28
2117,182,18,Restock,2025-04-15
2118,196,-17,Sale,2025-05-12
2119,83,66,Restock,2024-09-29
2120,133,-50,Sale,2024-12-19
2121,130,-37,Sale,2025-03-10
2122,135,-44,Sale,2024-05-29
2123,42,32,Restock,2025-04-30
2124,185,96,Restock,2024-06-29
2125,71,-41,Sale,2024-08-04
2126,68,48,Restock,2024-06-25
2127,1,38,Restock,2024-11-01
2128,30,61,Restock,2025-01-20
2129,52,91,Restock,2025-01-15
2130,172,-46,Sale,2024-09-02
2131,114,10,Restock,2024-11-08
2132,157,37,Restock,2024-11-13
2133,173,95,Restock,2024-11-29
2134,143,41,Restock,2024-07-03
2135,68,89,Restock,2025-01-17
2136,96,19,Restock,2025-02-12
2137,178,-40,Sale,2024-09-01
2138,124,-46,Sale,2024-05-24
2139,155,-23,Sale,2024-11-17
2140,195,-41,Sale,2024-12-01
2141,9,-42,Sale,2025-04-09
2142,101,52,Restock,2025-02-27
2143,50,-17,Sale,2025-03-28
2144,179,24,Restock,2024-06-23
2145,139,-43,Sale,2025-01-18
2146,27,5,Restock,2024-07-15
2147,157,5,Restock,2024-11-20
2148,168,-32,Sale,2024-12-04
2149,150,-19,Sale,2025-04-09
2150,119,75,Restock,2024-09-29
2151,25,33,Restock,2024-08-18
2152,97,93,Restock,2024-05-26
2153,60,-21,Sale,2025-01-20
2154,135,69,Restock,2025-02-20
2155,107,81,Restock,2024-09-15
2156,143,-18,Sale,2024-12-17
2157,71,8,Restock,2025-03-23
2158,85,73,Restock,2025-04-29
2159,143,49,Restock,2024-12-24
2160,150,-31,Sale,2024-12-10
2161,186,71,Restock,2025-05-19
2162,174,-18,Sale,2024-09-03
2163,153,34,Restock,2025-04-06
2164,188,-19,Sale,2024-12-12
2165,11,35,Restock,2024-10-31
2166,159,-46,Sale,2024-12-24
2167,39,55,Restock,2025-03-26
2168,148,-38,Sale,2025-03-28
2169,106,90,Restock,2024-05-28
2170,178,-12,Sale,2024-07-02
2171,36,-7,Sale,2025-03-21
2172,90,-19,Sale,2024-08-30
2173,169,-49,Sale,2024-06-28
2174,116,30,Restock,2024-07-15
2175,198,16,Restock,2025-05-11
2176,102,53,Restock,2024-07-27
2177,91,-21,Sale,2024-10-11
2178,38,-44,Sale,2025-03-12
2179,57,-7,Sale,2024-12-20
2180,130,-30,Sale,2024-11-10
2181,129,25,Restock,2024-06-28
2182,164,99,Restock,2025-04-18
2183,197,-8,Sale,2024-08-25
2184,46,-40,Sale,2024-08-10
2185,62,-33,Sale,2025-02-27
2186,151,16,Restock,2025-05-06
2187,170,29,Restock,2025-04-23
2188,81,-9,Sale,2025-01-22
2189,52,-33,Sale,2024-10-28
2190,134,85,Restock,2024-11-02
2191,143,-7,Sale,2025-02-01
2192,133,7,Restock,2024-11-22
2193,50,71,Restock,2025-05-07
2194,136,-35,Sale,2024-08-22
2195,130,80,Restock,2024-11-01
2196,19,5,Restock,2024-11-04
2197,62,27,Restock,2024-09-14
2198,182,-20,Sale,2025-02-16
2199,192,11,Restock,2025-04-20
2200,66,-32,Sale,2024-08-02
2201,92,71,Restock,2024-06-03
2202,127,8,Restock,2025-03-18
2203,190,25,Restock,2024-12-15
2204,57,70,Restock,2024-07-11
2205,35,-26,Sale,2024-12-24
2206,72,-50,Sale,2025-01-21
2207,14,12,Restock,2024-09-09
2208,38,33,Restock,2025-05-01
2209,171,74,Restock,2024-11-02
2210,97,37,Restock,2025-04-23
2211,131,76,Restock,2024-10-28
2212,71,58,Restock,2024-11-04
2213,108,84,Restock,2024-05-26
2214,193,36,Restock,2025-04-17
2215,41,64,Restock,2024-07-05
2216,9,45,Restock,2025-04-30
2217,147,-14,Sale,2024-08-14
2218,9,30,Restock,2025-03-09
2219,51,83,Restock,2025-01-19
2220,83,94,Restock,2024-06-02
2221,81,-14,Sale,2025-03-19
2222,77,99,Restock,2024-10-24
2223,12,51,Restock,2024-11-06
2224,137,28,Restock,2025-02-14
2225,105,-18,Sale,2024-06-21
2226,51,-26,Sale,2024-12-30
2227,93,32,Restock,2024-09-12
2228,77,90,Restock,2025-01-13
2229,185,16,Restock,2025-02-22
2230,92,56,Restock,2024-09-01
2231,1,9,Restock,2024-09-12
2232,124,-34,Sale,2025-04-01
2233,97,99,Restock,2024-09-13
2234,133,64,Restock,2025-02-24
2235,161,-48,Sale,2024-11-17
2236,60,57,Restock,2024-06-21
2237,61,97,Restock,2024-06-24
2238,92,4,Restock,2024-07-02
2239,19,90,Restock,2024-09-20
2240,149,0,Restock,2024-12-02
2241,78,5,Restock,2025-01-08
2242,102,52,Restock,2025-04-14
2243,145,2,Restock,2025-04-22
2244,48,-50,Sale,2025-03-27
2245,194,10,Restock,2024-08-06
2246,76,58,Restock,2024-07-02
2247,182,-36,Sale,2024-08-16
2248,3,-21,Sale,2024-09-18
2249,167,55,Restock,2024-09-16
2250,7,3,Restock,2024-08-10
2251,81,11,Restock,2024-05-22
2252,176,87,Restock,2024-08-10
2253,125,97,Restock,2025-01-25
2254,46,-1,Sale,2025-05-11
2255,99,46,Restock,2024-12-27
2256,91,73,Restock,2025-02-23
2257,191,-45,Sale,2025-05-02
2258,2,39,Restock,2025-05-09
2259,65,92,Restock,2025-03-01
2260,77,-45,Sale,2025-05-03
2261,58,15,Restock,2025-04-03
2262,84,38,Restock,2025-03-10
2263,17,-39,Sale,2024-09-06
2264,133,33,Restock,2025-04-27
2265,110,66,Restock,2024-11-06
2266,164,12,Restock,2024-08-01
2267,56,66,Restock,2024-10-12
2268,199,43,Restock,2024-06-30
2269,21,55,Restock,2025-01-04
2270,7,-1,Sale,2024-10-18
2271,174,-23,Sale,2024-08-23
2272,115,-24,Sale,2025-04-29
2273,135,53,Restock,2024-10-10
2274,123,12,Restock,2024-07-09
2275,18,-29,Sale,2025-05-17
2276,66,-31,Sale,2024-06-03
2277,137,57,Restock,2024-08-14
2278,12,51,Restock,2025-04-26
2279,107,-37,Sale,2024-11-25
2280,33,-12,Sale,2024-08-05
2281,136,41,Restock,2025-05-20
2282,143,75,Restock,2024-08-02
2283,115,-28,Sale,2025-03-06
2284,28,-4,Sale,2025-05-12
2285,45,98,Restock,2025-04-02
2286,147,93,Restock,2024-10-21
2287,102,-39,Sale,2025-05-06
2288,109,-24,Sale,2025-04-11
2289,142,42,Restock,2024-10-14
2290,166,3,Restock,2024-08-12
2291,4,83,Restock,2024-08-04
2292,199,97,Restock,2025-02-13
2293,86,-24,Sale,2025-03-26
2294,138,-43,Sale,2024-07-12
2295,178,-28,Sale,2024-08-03
2296,162,39,Restock,2024-06-01
2297,104,15,Restock,2025-04-10
2298,83,75,Restock,2025-01-13
2299,65,68,Restock,2024-06-15
2300,23,99,Restock,2025-04-11
2301,55,84,Restock,2025-04-03
2302,76,51,Restock,2024-06-10
2303,141,82,Restock,2024-07-09
2304,146,49,Restock,2024-08-05
2305,142,60,Restock,2024-07-22
2306,18,-18,Sale,2025-01-24
2307,1,-33,Sale,2025-01-10
2308,199,-22,Sale,2025-05-17
2309,59,94,Restock,2025-03-15
2310,170,35,Restock,2025-04-18
2311,66,94,Restock,2024-09-01
2312,144,49,Restock,2024-08-27
2313,188,63,Restock,2024-08-10
2314,65,4,Restock,2025-03-17
2315,157,83,Restock,2025-03-18
2316,155,85,Restock,2024-10-19
2317,162,-17,Sale,2025-03-30
2318,142,99,Restock,2024-07-19
2319,102,88,Restock,2024-12-04
2320,137,-27,Sale,2024-08-19
2321,173,64,Restock,2025-03-08
2322,77,-5,Sale,2024-12-16
2323,142,-41,Sale,2025-05-04
2324,189,42,Restock,2025-03-27
2325,170,79,Restock,2024-07-31
2326,13,-49,Sale,2024-07-05
2327,67,-34,Sale,2024-12-03
2328,135,86,Restock,2025-03-12
2329,140,18,Restock,2024-11-03
2330,184,91,Restock,2024-05-30
2331,64,-26,Sale,2025-03-19
2332,176,65,Restock,2024-07-21
2333,53,22,Restock,2024-11-05
2334,108,-5,Sale,2024-10-27
2335,79,66,Restock,2025-02-15
2336,42,71,Restock,2024-11-26
2337,27,39,Restock,2025-01-17
2338,178,-36,Sale,2025-03-28
2339,39,61,Restock,2024-07-19
2340,137,-46,Sale,2025-04-30
2341,188,2,Restock,2024-06-09
2342,113,44,Restock,2025-01-14
2343,38,-46,Sale,2025-01-03
2344,52,56,Restock,2024-12-13
2345,194,50,Restock,2024-09-02
2346,97,57,Restock,2024-11-10
2347,179,72,Restock,2025-01-19
2348,192,16,Restock,2024-09-21
2349,85,89,Restock,2025-03-25
2350,37,9,Restock,2024-08-21
2351,101,-10,Sale,2025-03-12
2352,124,-22,Sale,2024-12-08
2353,117,42,Restock,2024-08-16
2354,100,71,Restock,2024-08-05
2355,96,5,Restock,2025-04-29
2356,82,-11,Sale,2024-12-30
2357,155,35,Restock,2025-03-28
2358,45,-48,Sale,2024-08-21
2359,39,30,Restock,2025-02-15
2360,152,1,Restock,2024-11-25
2361,168,40,Restock,2024-10-24
2362,147,-22,Sale,2024-09-11
2363,56,27,Restock,2024-08-21
2364,85,18,Restock,2024-12-02
2365,173,58,Restock,2024-05-31
2366,85,-49,Sale,2025-04-09
2367,48,-13,Sale,2025-05-12
2368,136,47,Restock,2024-08-06
2369,140,86,Restock,2024-12-28
2370,156,-31,Sale,2025-02-19
2371,117,79,Restock,2024-06-06
2372,145,98,Restock,2024-12-24
2373,185,76,Restock,2025-03-05
2374,19,96,Restock,2025-02-25
2375,14,31,Restock,2024-12-14
2376,83,83,Restock,2024-12-25
2377,5,13,Restock,2024-07-23
2378,83,-20,Sale,2024-11-30
2379,144,-36,Sale,2024-12-09
2380,8,-29,Sale,2024-07-11
2381,128,-19,Sale,2025-03-17
2382,33,61,Restock,2025-03-13
2383,36,48,Restock,2025-03-07
2384,36,58,Restock,2024-10-07
2385,58,33,Restock,2024-12-28
2386,58,53,Restock,2025-04-02
2387,172,-32,Sale,2024-08-11
2388,112,16,Restock,2024-09-01
2389,117,73,Restock,2024-08-27
2390,188,29,Restock,2025-01-02
2391,31,50,Restock,2024-08-08
2392,84,57,Restock,2024-08-24
2393,199,-45,Sale,2024-05-21
2394,146,63,Restock,2024-11-11
2395,14,82,Restock,2024-08-04
2396,53,-38,Sale,2024-09-16
2397,167,59,Restock,2024-10-21
2398,131,51,Restock,2025-05-09
2399,16,83,Restock,2024-12-24
2400,176,5,Restock,2024-06-06
2401,24,57,Restock,2024-10-16
2402,199,-43,Sale,2025-02-28
2403,141,71,Restock,2024-12-25
2404,12,28,Restock,2025-01-31
2405,173,-8,Sale,2024-12-09
2406,163,34,Restock,2025-04-03
2407,54,54,Restock,2025-05-20
2408,62,-27,Sale,2025-05-20
2409,5,55,Restock,2025-02-23
2410,114,49,Restock,2024-09-04
2411,114,91,Restock,2024-12-19
2412,197,28,Restock,2024-09-19
2413,61,67,Restock,2024-06-20
2414,58,72,Restock,2025-03-22
2415,27,-43,Sale,2025-02-28
2416,153,62,Restock,2024-08-20
2417,67,43,Restock,2024-08-14
2418,129,77,Restock,2025-01-07
2419,147,84,Restock,2024-10-14
2420,74,0,Restock,2024-07-14
2421,101,90,Restock,2025-02-01
2422,168,-18,Sale,2025-02-10
2423,102,36,Restock,2024-09-13
2424,48,40,Restock,2024-10-06
2425,111,59,Restock,2024-09-21
2426,163,16,Restock,2025-01-25
2427,34,65,Restock,2024-06-13
2428,167,25,Restock,2024-06-15
2429,65,55,Restock,2024-12-03
2430,53,5,Restock,2025-03-16
2431,21,29,Restock,2024-05-30
2432,87,-18,Sale,2025-05-04
2433,149,32,Restock,2025-03-15
2434,36,5,Restock,2024-12-24
2435,176,22,Restock,2025-04-19
2436,155,96,Restock,2024-10-03
2437,107,71,Restock,2025-03-10
2438,47,9,Restock,2025-03-21
2439,177,98,Restock,2024-06-02
2440,54,-25,Sale,2024-06-24
2441,55,42,Restock,2024-06-28
2442,107,45,Restock,2024-06-14
2443,33,-10,Sale,2024-07-05
2444,3,91,Restock,2024-09-18
2445,145,-31,Sale,2024-08-28
2446,17,77,Restock,2024-10-16
2447,56,93,Restock,2024-08-03
2448,72,59,Restock,2025-04-06
2449,163,22,Restock,2024-08-12
2450,52,-49,Sale,2024-09-24
2451,121,68,Restock,2024-05-24
2452,11,-17,Sale,2024-08-28
2453,40,-36,Sale,2024-07-25
2454,156,50,Restock,2024-08-30
2455,88,-2,Sale,2024-11-28
2456,181,99,Restock,2024-06-05
2457,8,77,Restock,2025-04-11
2458,27,77,Restock,2024-07-01
2459,165,88,Restock,2024-07-15
2460,87,-47,Sale,2024-09-05
2461,113,-28,Sale,2025-02-12
2462,107,66,Restock,2025-05-01
2463,128,38,Restock,2024-06-16
2464,57,-25,Sale,2025-05-04
2465,162,-19,Sale,2024-09-20
2466,171,-35,Sale,2024-10-13
2467,159,24,Restock,2025-03-25
2468,27,77,Restock,2025-01-03
2469,25,44,Restock,2025-01-31
2470,150,72,Restock,2024-09-27
2471,147,32,Restock,2024-10-19
2472,10,-8,Sale,2025-03-12
2473,178,19,Restock,2025-05-16
2474,47,33,Restock,2024-11-04
2475,59,-10,Sale,2024-07-07
2476,57,67,Restock,2024-09-24
2477,46,51,Restock,2025-03-13
2478,93,64,Restock,2025-02-27
2479,14,11,Restock,2025-05-01
2480,140,-49,Sale,2024-07-15
2481,131,-20,Sale,2025-01-09
2482,170,-4,Sale,2024-08-29
2483,133,1,Restock,2024-10-14
2484,44,21,Restock,2024-07-23
2485,118,29,Restock,2025-04-07
2486,155,78,Restock,2025-03-02
2487,141,-42,Sale,2025-03-17
2488,199,23,Restock,2024-12-18
2489,140,73,Restock,2025-03-24
2490,146,-22,Sale,2025-01-04
2491,115,14,Restock,2024-12-26
2492,196,-29,Sale,2024-08-20
2493,40,23,Restock,2024-09-10
2494,34,-39,Sale,2024-09-10
2495,151,1,Restock,2025-02-23
2496,141,31,Restock,2024-12-17
2497,183,55,Restock,2024-07-13
2498,67,-4,Sale,2024-12-11
2499,89,37,Restock,2025-02-04
2500,46,32,Restock,2025-03-23
2501,145,-7,Sale,2025-02-07
2502,185,-2,Sale,2025-05-16
2503,28,4,Restock,2024-12-04
2504,133,-47,Sale,2024-09-19
2505,143,-35,Sale,2024-10-03
2506,131,-7,Sale,2024-09-21
2507,39,-12,Sale,2024-07-08
2508,157,-38,Sale,2024-12-19
2509,44,32,Restock,2024-10-19
2510,112,57,Restock,2024-07-07
2511,30,96,Restock,2024-10-21
2512,75,-47,Sale,2024-05-27
2513,165,61,Restock,2024-07-24
2514,180,12,Restock,2024-10-16
2515,14,40,Restock,2024-11-17
2516,157,46,Restock,2024-11-07
2517,41,36,Restock,2024-08-07
2518,62,56,Restock,2024-11-20
2519,111,23,Restock,2024-07-23
2520,168,1,Restock,2024-07-06
2521,172,67,Restock,2024-12-16
2522,114,-4,Sale,2024-11-25
2523,180,87,Restock,2024-09-16
2524,154,94,Restock,2024-11-27
2525,67,2,Restock,2024-09-19
2526,13,-12,Sale,2024-10-01
2527,197,50,Restock,2024-12-26
2528,192,74,Restock,2025-02-01
2529,193,40,Restock,2025-01-28
2530,182,24,Restock,2025-02-11
2531,18,-13,Sale,2024-09-19
2532,198,62,Restock,2024-07-20
2533,192,-8,Sale,2024-06-21
2534,164,-29,Sale,2024-10-24
2535,92,-22,Sale,2025-01-16
2536,184,6,Restock,2024-11-20
2537,1,-4,Sale,2024-08-06
2538,111,69,Restock,2024-11-22
2539,51,82,Restock,2025-01-20
2540,190,41,Restock,2024-11-18
2541,37,72,Restock,2025-02-13
2542,144,16,Restock,2025-04-29
2543,39,15,Restock,2025-03-28
2544,23,85,Restock,2024-08-02
2545,137,-37,Sale,2025-03-29
2546,141,-21,Sale,2024-12-30
2547,71,-47,Sale,2024-12-13
2548,94,-47,Sale,2025-02-07
2549,16,-11,Sale,2024-10-23
2550,80,91,Restock,2025-01-03
2551,138,3,Restock,2024-10-24
2552,79,14,Restock,2024-08-06
2553,155,-28,Sale,2025-01-30
2554,170,-11,Sale,2024-10-19
2555,51,-33,Sale,2024-11-03
2556,82,-19,Sale,2024-05-22
2557,142,-1,Sale,2024-07-13
2558,33,39,Restock,2024-12-29
2559,49,50,Restock,2025-03-01
2560,15,19,Restock,2024-11-24
2561,23,-10,Sale,2025-04-10
2562,48,98,Restock,2024-06-08
2563,169,85,Restock,2025-04-06
2564,97,79,Restock,2025-04-22
2565,114,-5,Sale,2024-11-24
2566,87,-30,Sale,2024-09-12
2567,170,12,Restock,2024-08-02
2568,97,2,Restock,2024-09-15
2569,115,62,Restock,2024-10-16
2570,32,77,Restock,2025-03-10
2571,42,13,Restock,2024-11-02
2572,122,90,Restock,2024-10-31
2573,169,-24,Sale,2024-10-27
2574,132,61,Restock,2025-05-07
2575,188,-37,Sale,2025-01-31
2576,73,-36,Sale,2025-04-11
2577,90,12,Restock,2024-06-11
2578,166,61,Restock,2025-01-19
2579,50,17,Restock,2025-02-02
2580,161,-9,Sale,2024-10-01
2581,52,91,Restock,2024-12-30
2582,96,-28,Sale,2024-08-29
2583,5,-31,Sale,2024-06-27
2584,147,46,Restock,2025-02-04
2585,118,42,Restock,2024-08-24
2586,99,55,Restock,2025-03-10
2587,121,-7,Sale,2024-07-27
2588,93,93,Restock,2025-01-26
2589,86,93,Restock,2025-04-23
2590,144,97,Restock,2025-03-29
2591,166,-3,Sale,2024-09-12
2592,6,-49,Sale,2024-11-11
2593,166,69,Restock,2025-04-20
2594,89,65,Restock,2024-07-26
2595,193,70,Restock,2024-12-08
2596,158,44,Restock,2024-07-20
2597,39,-25,Sale,2024-06-01
2598,97,-16,Sale,2025-04-20
2599,154,-16,Sale,2024-05-23
2600,4,15,Restock,2025-03-06
2601,152,26,Restock,2024-06-01
2602,70,1,Restock,2025-02-06
2603,33,-38,Sale,2025-03-11
2604,154,90,Restock,2024-12-15
2605,168,29,Restock,2024-06-12
2606,71,41,Restock,2025-04-26
2607,166,-48,Sale,2024-07-05
2608,21,10,Restock,2024-12-20
2609,11,-5,Sale,2025-03-15
2610,166,20,Restock,2024-06-07
2611,8,52,Restock,2024-06-09
2612,169,94,Restock,2025-03-26
2613,166,-35,Sale,2025-02-21
2614,56,-47,Sale,2024-11-29
2615,58,-33,Sale,2025-03-08
2616,32,95,Restock,2025-04-23
2617,146,79,Restock,2024-09-30
2618,146,13,Restock,2024-12-09
2619,133,10,Restock,2025-02-19
2620,111,-27,Sale,2024-07-02
2621,45,87,Restock,2025-02-27
2622,11,-2,Sale,2024-08-01
2623,8,97,Restock,2025-04-14
2624,143,63,Restock,2024-12-07
2625,147,99,Restock,2024-07-07
2626,29,67,Restock,2024-07-26
2627,156,66,Restock,2025-03-15
2628,71,26,Restock,2024-09-01
2629,88,52,Restock,2024-11-26
2630,145,-12,Sale,2024-10-30
2631,40,81,Restock,2024-09-10
2632,186,90,Restock,2024-11-20
2633,5,-1,Sale,2025-03-25
2634,84,-39,Sale,2024-11-25
2635,88,-48,Sale,2024-08-31
2636,194,-31,Sale,2024-07-22
2637,173,90,Restock,2024-07-06
2638,53,-22,Sale,2024-06-04
2639,5,-46,Sale,2024-06-07
2640,146,72,Restock,2024-10-31
2641,19,83,Restock,2024-08-22
2642,1,88,Restock,2024-06-17
2643,9,22,Restock,2024-11-09
2644,121,-25,Sale,2024-12-07
2645,58,30,Restock,2024-07-03
2646,143,-13,Sale,2025-01-25
2647,161,90,Restock,2025-02-03
2648,147,47,Restock,2024-11-03
2649,50,58,Restock,2024-06-06
2650,45,0,Restock,2024-07-22
2651,45,88,Restock,2024-08-30
2652,61,43,Restock,2024-09-10
2653,118,82,Restock,2024-06-13
2654,182,32,Restock,2024-09-23
2655,35,-31,Sale,2024-10-28
2656,93,4,Restock,2025-02-11
2657,32,55,Restock,2025-02-25
2658,30,-20,Sale,2024-08-21
2659,14,-16,Sale,2025-01-29
2660,141,-6,Sale,2024-07-20
2661,155,53,Restock,2024-07-06
2662,4,9,Restock,2024-09-07
2663,58,-45,Sale,2024-11-02
2664,195,-32,Sale,2025-03-08
2665,140,-43,Sale,2024-12-20
2666,32,7,Restock,2025-04-24
2667,133,0,Restock,2025-05-13
2668,50,6,Restock,2025-02-12
2669,36,-16,Sale,2025-02-26
2670,37,65,Restock,2024-09-03
2671,27,29,Restock,2025-02-23
2672,14,76,Restock,2024-08-07
2673,141,96,Restock,2024-10-04
2674,185,94,Restock,2025-02-25
2675,131,-8,Sale,2024-09-08
2676,175,23,Restock,2024-10-25
2677,131,38,Restock,2025-04-21
2678,90,65,Restock,2024-12-28
2679,84,72,Restock,2024-06-26
2680,13,42,Restock,2024-07-08
2681,83,52,Restock,2024-08-17
2682,27,-16,Sale,2025-04-23
2683,22,58,Restock,2024-07-04
2684,8,60,Restock,2025-02-08
2685,1,33,Restock,2024-07-23
2686,159,72,Restock,2025-04-27
2687,96,16,Restock,2024-12-30
2688,189,33,Restock,2024-12-04
2689,156,57,Restock,2025-03-03
2690,186,38,Restock,2024-11-22
2691,146,39,Restock,2025-03-09
2692,10,91,Restock,2025-04-10
2693,173,31,Restock,2024-12-26
2694,117,36,Restock,2025-03-25
2695,106,64,Restock,2025-02-04
2696,192,-36,Sale,2025-05-16
2697,33,-40,Sale,2025-05-02
2698,54,8,Restock,2024-08-08
2699,24,36,Restock,2024-08-21
2700,162,42,Restock,2025-02-12
2701,94,68,Restock,2024-08-30
2702,74,89,Restock,2024-05-26
2703,63,-8,Sale,2024-12-13
2704,38,-8,Sale,2025-05-11
2705,133,48,Restock,2024-08-02
2706,72,87,Restock,2024-08-08
2707,181,92,Restock,2024-12-16
2708,28,-7,Sale,2024-07-18
2709,162,85,Restock,2024-12-21
2710,31,-36,Sale,2024-07-18
2711,104,8,Restock,2024-08-18
2712,40,-40,Sale,2024-12-05
2713,104,-47,Sale,2025-04-27
2714,136,-36,Sale,2024-12-27
2715,167,3,Restock,2024-07-16
2716,128,-43,Sale,2024-10-19
2717,126,-25,Sale,2024-06-19
2718,59,61,Restock,2024-06-16
2719,71,54,Restock,2024-09-09
2720,92,-23,Sale,2024-09-09
2721,151,-37,Sale,2024-10-03
2722,159,4,Restock,2024-05-27
2723,137,51,Restock,2024-10-23
2724,112,-17,Sale,2024-11-17
2725,152,36,Restock,2025-02-07
2726,10,13,Restock,2024-05-24
2727,69,-16,Sale,2024-11-20
2728,22,11,Restock,2024-10-15
2729,129,94,Restock,2024-06-18
2730,143,-15,Sale,2024-07-21
2731,183,43,Restock,2024-10-10
2732,93,45,Restock,2025-04-05
2733,25,20,Restock,2025-03-17
2734,21,42,Restock,2025-02-25
2735,78,76,Restock,2024-08-22
2736,143,-2,Sale,2025-05-07
2737,19,-8,Sale,2024-09-05
2738,55,24,Restock,2025-05-04
2739,61,98,Restock,2024-05-30
2740,11,-9,Sale,2024-05-22
2741,110,19,Restock,2024-07-18
2742,39,82,Restock,2024-11-17
2743,77,65,Restock,2024-11-17
2744,163,26,Restock,2024-08-27
2745,154,92,Restock,2025-04-02
2746,164,-12,Sale,2024-10-20
2747,84,26,Restock,2024-08-21
2748,135,-37,Sale,2025-04-19
2749,167,95,Restock,2025-04-29
2750,4,77,Restock,2024-10-19
2751,188,-43,Sale,2024-08-27
2752,35,36,Restock,2024-08-03
2753,72,68,Restock,2024-10-09
2754,76,56,Restock,2025-03-10
2755,99,99,Restock,2025-01-18
2756,125,2,Restock,2025-04-19
2757,59,44,Restock,2025-01-26
2758,156,78,Restock,2025-03-12
2759,125,89,Restock,2025-03-30
2760,3,77,Restock,2024-08-19
2761,170,-16,Sale,2024-09-14
2762,153,84,Restock,2024-10-21
2763,3,12,Restock,2024-05-27
2764,28,-11,Sale,2024-09-17
2765,121,26,Restock,2024-07-26
2766,138,37,Restock,2024-12-28
2767,195,47,Restock,2025-01-05
2768,93,-34,Sale,2024-09-11
2769,64,-42,Sale,2024-08-13
2770,83,91,Restock,2024-06-23
2771,176,52,Restock,2024-11-20
2772,158,88,Restock,2024-09-19
2773,98,59,Restock,2025-04-04
2774,186,95,Restock,2024-08-17
2775,119,61,Restock,2024-08-29
2776,180,-26,Sale,2025-03-03
2777,36,35,Restock,2025-04-11
2778,50,83,Restock,2024-10-20
2779,96,-10,Sale,2025-05-08
2780,39,35,Restock,2025-02-23
2781,115,7,Restock,2024-08-23
2782,46,59,Restock,2024-05-25
2783,30,89,Restock,2025-04-25
2784,80,51,Restock,2024-07-11
2785,187,31,Restock,2025-02-21
2786,40,53,Restock,2024-06-14
2787,147,49,Restock,2024-09-06
2788,25,86,Restock,2024-07-24
2789,78,81,Restock,2024-09-07
2790,89,-27,Sale,2024-09-06
2791,33,26,Restock,2024-09-25
2792,66,32,Restock,2025-02-21
2793,75,-17,Sale,2024-08-08
2794,94,-9,Sale,2025-01-10
2795,136,41,Restock,2024-10-08
2796,142,-43,Sale,2024-09-26
2797,78,73,Restock,2024-11-10
2798,11,23,Restock,2025-01-25
2799,138,81,Restock,2024-07-24
2800,27,-21,Sale,2024-10-09
2801,135,50,Restock,2024-09-09
2802,170,80,Restock,2024-07-02
2803,67,-45,Sale,2025-05-02
2804,59,-16,Sale,2024-06-21
2805,21,25,Restock,2024-06-03
2806,61,9,Restock,2025-04-14
2807,144,47,Restock,2024-12-10
2808,127,-13,Sale,2025-03-16
2809,59,94,Restock,2025-04-25
2810,95,67,Restock,2025-04-25
2811,160,44,Restock,2025-01-03
2812,113,88,Restock,2024-10-05
2813,104,34,Restock,2025-03-28
2814,122,4,Restock,2025-04-23
2815,171,31,Restock,2025-01-16
2816,199,20,Restock,2024-08-06
2817,71,77,Restock,2024-11-06
2818,104,46,Restock,2025-02-05
2819,190,-23,Sale,2025-01-31
2820,44,41,Restock,2025-05-20
2821,127,41,Restock,2025-02-07
2822,160,100,Restock,2024-06-24
2823,186,-3,Sale,2025-01-29
2824,93,81,Restock,2025-03-21
2825,164,95,Restock,2025-01-26
2826,40,18,Restock,2025-05-15
2827,38,49,Restock,2024-10-02
2828,120,65,Restock,2025-04-07
2829,10,-6,Sale,2024-11-01
2830,167,14,Restock,2025-05-05
2831,182,9,Restock,2024-06-07
2832,49,90,Restock,2024-10-15
2833,112,96,Restock,2024-11-09
2834,83,-20,Sale,2024-10-16
2835,144,52,Restock,2025-04-25
2836,5,67,Restock,2024-12-03
2837,178,98,Restock,2024-12-07
2838,20,-1,Sale,2024-10-20
2839,118,27,Restock,2024-11-29
2840,55,-8,Sale,2024-07-18
2841,88,7,Restock,2024-12-29
2842,183,62,Restock,2024-08-23
2843,16,-37,Sale,2025-02-03
2844,48,56,Restock,2025-05-02
2845,180,8,Restock,2024-08-10
2846,25,45,Restock,2025-04-01
2847,112,-46,Sale,2024-10-31
2848,66,36,Restock,2024-05-21
2849,1,73,Restock,2025-04-20
2850,152,67,Restock,2024-12-18
2851,54,98,Restock,2024-09-16
2852,152,-13,Sale,2024-12-28
2853,89,-10,Sale,2024-08-09
2854,184,54,Restock,2025-03-17
2855,52,50,Restock,2024-07-16
2856,137,12,Restock,2025-04-02
2857,146,57,Restock,2024-05-27
2858,83,52,Restock,2025-04-24
2859,118,-44,Sale,2024-10-03
2860,132,7,Restock,2025-01-07
2861,96,11,Restock,2025-03-21
2862,166,60,Restock,2024-11-13
2863,170,40,Restock,2024-10-16
2864,27,35,Restock,2025-02-08
2865,2,6,Restock,2025-05-06
2866,114,-17,Sale,2024-07-04
2867,141,84,Restock,2024-06-22
2868,146,90,Restock,2024-06-07
2869,88,77,Restock,2024-06-16
2870,22,52,Restock,2024-12-13
2871,185,3,Restock,2024-08-01
2872,32,17,Restock,2024-12-21
2873,33,50,Restock,2024-12-23
2874,86,56,Restock,2024-06-12
2875,92,17,Restock,2024-10-28
2876,70,18,Restock,2025-05-10
2877,18,-23,Sale,2024-12-10
2878,190,93,Restock,2024-11-21
2879,32,68,Restock,2024-07-07
2880,79,-19,Sale,2025-03-15
2881,158,-46,Sale,2025-04-25
2882,66,68,Restock,2025-02-07
2883,50,32,Restock,2025-02-09
2884,40,-28,Sale,2024-08-07
2885,72,78,Restock,2025-02-07
2886,20,71,Restock,2025-01-10
2887,14,-5,Sale,2025-01-21
2888,87,16,Restock,2024-08-04
2889,32,34,Restock,2024-08-29
2890,156,73,Restock,2025-03-21
2891,66,3,Restock,2025-02-21
2892,189,-4,Sale,2025-02-09
2893,32,53,Restock,2025-05-04
2894,97,-1,Sale,2025-02-18
2895,183,-37,Sale,2024-11-20
2896,156,65,Restock,2025-01-06
2897,182,-42,Sale,2024-08-28
2898,25,-12,Sale,2024-12-08
2899,126,36,Restock,2025-02-11
2900,35,-17,Sale,2024-10-26
2901,88,92,Restock,2024-10-05
2902,193,96,Restock,2024-10-27
2903,125,4,Restock,2024-08-03
2904,40,-34,Sale,2024-11-15
2905,76,-38,Sale,2025-04-24
2906,49,82,Restock,2024-07-04
2907,99,-36,Sale,2024-08-27
2908,180,71,Restock,2024-07-24
2909,151,5,Restock,2025-04-05
2910,28,-6,Sale,2024-06-20
2911,21,36,Restock,2024-11-23
2912,35,73,Restock,2025-05-10
2913,59,-50,Sale,2024-06-21
2914,123,0,Restock,2025-05-12
2915,187,88,Restock,2024-08-06
2916,197,88,Restock,2024-11-26
2917,180,17,Restock,2025-02-24
2918,95,89,Restock,2024-06-24
2919,119,29,Restock,2024-07-04
2920,109,-4,Sale,2024-12-06
2921,159,-21,Sale,2024-10-06
2922,175,-26,Sale,2025-05-04
2923,43,17,Restock,2024-09-03
2924,170,66,Restock,2024-08-13
2925,72,70,Restock,2024-09-27
2926,175,33,Restock,2024-10-12
2927,57,-1,Sale,2024-05-31
2928,50,25,Restock,2024-09-08
2929,44,98,Restock,2024-08-31
2930,195,-6,Sale,2024-12-31
2931,168,95,Restock,2025-01-02
2932,185,56,Restock,2025-03-19
2933,110,-23,Sale,2025-04-13
2934,167,37,Restock,2025-04-17
2935,34,-25,Sale,2024-12-06
2936,138,-12,Sale,2024-06-06
2937,151,-49,Sale,2024-10-26
2938,80,-19,Sale,2024-10-28
2939,113,-4,Sale,2024-07-30
2940,165,73,Restock,2024-08-04
2941,114,-5,Sale,2024-12-10
2942,47,-46,Sale,2024-09-27
2943,24,16,Restock,2025-04-06
2944,69,75,Restock,2025-05-19
2945,161,-35,Sale,2025-05-03
2946,194,-40,Sale,2024-12-08
2947,137,52,Restock,2025-01-18
2948,176,82,Restock,2024-09-29
2949,189,-10,Sale,2025-03-07
2950,16,-20,Sale,2024-06-05
2951,118,-40,Sale,2024-12-17
2952,126,43,Restock,2025-04-13
2953,167,74,Restock,2025-01-05
2954,133,-47,Sale,2024-07-10
2955,74,62,Restock,2024-10-13
2956,173,-49,Sale,2025-04-26
2957,56,45,Restock,2024-06-13
2958,190,59,Restock,2024-08-14
2959,115,32,Restock,2024-05-26
2960,172,94,Restock,2025-04-22
2961,31,5,Restock,2025-02-05
2962,199,75,Restock,2024-08-24
2963,5,40,Restock,2025-03-09
2964,200,24,Restock,2025-02-17
2965,89,-43,Sale,2025-01-01
2966,176,82,Restock,2024-06-07
2967,186,-4,Sale,2025-03-20
2968,160,100,Restock,2024-06-27
2969,107,-17,Sale,2025-03-14
2970,86,38,Restock,2024-07-31
2971,104,68,Restock,2024-06-22
2972,57,8,Restock,2024-09-10
2973,189,-30,Sale,2024-10-26
2974,80,55,Restock,2025-01-18
2975,122,69,Restock,2024-05-20
2976,126,44,Restock,2025-02-01
2977,88,-40,Sale,2025-05-16
2978,45,46,Restock,2024-09-22
2979,71,49,Restock,2024-06-15
2980,24,58,Restock,2025-01-12
2981,109,30,Restock,2024-12-08
2982,12,80,Restock,2024-08-10
2983,7,61,Restock,2024-10-02
2984,94,40,Restock,2025-01-15
2985,129,99,Restock,2025-01-30
2986,95,18,Restock,2025-03-20
2987,174,-9,Sale,2024-06-07
2988,60,24,Restock,2025-01-06
2989,137,17,Restock,2024-10-29
2990,11,0,Restock,2024-11-17
2991,119,46,Restock,2024-08-30
2992,178,40,Restock,2024-06-08
2993,166,-23,Sale,2024-08-10
2994,188,-30,Sale,2025-03-20
2995,189,47,Restock,2025-04-09
2996,142,97,Restock,2025-04-28
2997,22,59,Restock,2024-09-03
2998,196,-49,Sale,2024-11-30
2999,192,-46,Sale,2025-04-16
3000,13,-13,Sale,2024-10-26
